name,lp,brand,size,price,price_per_item,in_stock,retail_price,retail_markup
SUNDAE DRIVER,Experion,CITIZEN STASH,3.5g (Case of 24),724.56,30.19,In Stock,39.99,32
I.C.C.,Organigram,Edison,3.5g (Case of 12),276.00,23.0,In Stock,29.99,30
GRAND DADDY PURPLE INDICA,Motif Labs,Spherex,1 x 0.5 g  (Case of 12),335.88,27.99,In Stock,,
MANGO KUSH HYBRID,Motif Labs,Spherex,1 x 0.5 g  (Case of 12),335.88,27.99,In Stock,,
GELATTI PRE-ROLLS,Atlanticann Medical,MSIKU,3 x 0.5g (Case of 24),338.16,14.09,In Stock,,
PEGGY'S PRIDE PRE-ROLLS,Atlanticann Medical,MSIKU,3 x 0.5g (Case of 24),338.16,14.09,In Stock,,
WHITE WEDDING PRE-ROLLS,Atlanticann Medical,MSIKU,3 x 0.5g (Case of 24),358.80,14.95,In Stock,,
OS. KLIK BLUE DREAM,HEXO,Original Stash,1g (Case of 12),510.60,42.55,In Stock,,
KUSH COOKIES,Abba Medix,OMY,3.5g (Case of 12),224.76,18.73,In Stock,24.99,33
COASTAL KUSH,Aqualitas Inc,Reef,3.5g (Case of 12),371.04,30.92,In Stock,39.99,29
PINK KUSH VAPE CARTRIDGE,CannMart,PHYTO,"1 x 1 ml Pink Kush
 (Case of 12)",496.80,41.4,In Stock,,
BLUEBERRY VAPE CARTRIDGE,CannMart,PHYTO,"1 x 1 ml Blueberry
 (Case of 12)",496.80,41.4,In Stock,,
MANGO TANGERINE SOFT CHEWS,Dynaleo,Sunshower,"5 x 4.6 g Mango tangerine
 (Case of 24)",134.16,5.59,In Stock,,
WATERMELON LEMONADE SOFT CHEWS,Dynaleo,Sunshower,"5 x 4.6 g Watermelon lemonade
 (Case of 24)",134.16,5.59,In Stock,,
WILD STRAWBERRY SOFT CHEWS,Dynaleo,Sunshower,"5 x 4.6 g Strawberry
 (Case of 24)",134.16,5.59,In Stock,,
CHERRY PUNCH,Agro Greens Natural,Organnicraft,3.5g (Case of 12),434.04,36.17,In Stock,46.99,30
MEAT BREATH,Agro Greens Natural,Gnomestar,3.5g (Case of 12),377.16,31.43,In Stock,41.99,34
SOUR RASPBERRY 1:1 GUMMIES,Pure Sunfarms,Pure Sunfarms,"4 x 4.4 g Raspberry
 (Case of 12)",57.84,4.82,In Stock,,
SOUR BLACK CHERRY THC GUMMIES,Pure Sunfarms,Pure Sunfarms,"4 x 4.4 g Black Cherry
 (Case of 12)",57.84,4.82,In Stock,,
BC BLACK CHERRY,The Flowr Group,Flowr,3.5g (Case of 24),738.00,30.75,In Stock,39.99,30
WHITE WIDOW PRE-ROLL,7ACRES,Hiway,1 x 0.5g (Case of 24),78.72,3.28,In Stock,,
WATERMELON SOFT CHEWS,Aqualitas Inc,Reef Organic,"1 x 5 g Watermelon
 (Case of 24)",134.16,5.59,In Stock,,
WILD BERRY SOFT CHEWS,Mera Cannabis Corp,Summit,"2 x 3 g Wild berry
 (Case of 24)",113.28,4.72,In Stock,,
CBD OIL,Canopy Growth Corporation,Tweed,20ml (Case of 24),539.76,22.49,In Stock,,
CALIFORNIA DREAMING PRE-ROLLS,CStar Cannabis,Choice Growers Cannabis Inc.,5 x 0.5g (Case of 12),207.00,17.25,In Stock,,
GREEN POISON PRE-ROLLS,CStar Cannabis,Choice Growers Cannabis Inc.,5 x 0.5g (Case of 12),207.00,17.25,In Stock,,
JET FUEL OG PRE-ROLLS,CStar Cannabis,Choice Growers Cannabis Inc.,5 x 0.5g (Case of 12),189.72,15.81,In Stock,,
LA KUSH CAKE,Atlas Growers,Natural History,3.5g (Case of 12),351.24,29.27,In Stock,38.99,33
MANDARIN COOKIES,Atlas Growers,Natural History,3.5g (Case of 12),351.24,29.27,In Stock,38.99,33
CRESCENDO,Atlas Growers,Natural History,3.5g (Case of 12),351.24,29.27,In Stock,38.99,33
JB COOKIES,Decibel Cannabis Company,QWEST,3.5g (Case of 12),393.36,32.78,In Stock,44.99,37
AFGHANI DRIFTER,Greybeard,Greybeard,7g (Case of 12),607.20,50.6,In Stock,67.99,34
SLK LIVE RESIN VAPE CARTRIDGE,Thrive Cannabis,Greybeard,1 x 0.5 g  (Case of 12),424.20,35.35,In Stock,,
SLK TERP SLUSH LIVE RESIN,Greybeard,Greybeard,1 ml (Case of 12),530.28,44.19,In Stock,,
KISH TERP SLUSH LIVE RESIN,Greybeard,Greybeard,1 ml (Case of 12),530.28,44.19,In Stock,,
THC ORAL QUICKSTRIP,Thrive Cannabis,Being,0.085 ml (Case of 12),375.12,31.26,In Stock,,
CBD ORAL QUICKSTRIP,Thrive Cannabis,Being,0.085g (Case of 12),375.12,31.26,In Stock,,
GLUEBERRY OG,Indiva,Indiva,3.5g (Case of 24),662.40,27.6,In Stock,36.99,34
DUNN CANNABIS SCREWHEAD,Indiva,Artisan Batch,3.5g (Case of 12),434.04,36.17,In Stock,46.99,30
CANANDIA D. BUBBA,Indiva,Artisan Batch,3.5g (Case of 12),434.04,36.17,In Stock,46.99,30
KARMA,Joint Venture Craft Cannabis,DUNN CANNABIS,3.5g (Case of 12),434.76,36.23,In Stock,47.99,32
BALI KUSH,CannTrust,Liiv,3.5g (Case of 18),351.72,19.54,In Stock,,
CHOCOLATE SNAX PURE MILK CHOCOLATE,Organigram,Trailblazer,"1 x 42gMilk Chocolate
 (Case of 24)",81.36,3.39,In Stock,,
DELAHAZE 510 CARTRIDGE,Aurora,San Rafael '71,1 x 0.5 g  (Case of 12),419.88,34.99,In Stock,,
ELECTRIC PUNCH,Delta 9,Delta 9,3.5g (Case of 24),405.84,16.91,In Stock,21.99,30
GORILLA BERRY WHOLE FLOWER,Greenseal Cannabis,GreenSeal,3.5g (Case of 12),369.00,30.75,In Stock,39.99,30
CHEMDAWG ULTRA PRE-ROLLS,Greenseal Cannabis,GreenSeal,3 x 0.5g (Case of 24),314.40,13.1,In Stock,16.99,30
CHEMDAWG ULTRA WHOLE FLOWER,Greenseal Cannabis,GreenSeal,3.5g (Case of 12),318.84,26.57,In Stock,34.99,32
MANGO KUSH PRE-ROLLS,Greenseal Cannabis,GreenSeal,3 x 0.5g (Case of 24),314.40,13.1,In Stock,16.99,30
MANGO KUSH WHOLE FLOWER,Greenseal Cannabis,GreenSeal,3.5g (Case of 12),318.84,26.57,In Stock,34.99,32
SYNC 100 CBD OIL,Emerald Health Therapeutics,Emerald,20 ml (Case of 6),386.40,64.4,In Stock,84.99,32
CBD 2:1 510 VAPE CARTRIDGE,Sundial,Sundial,1 x 0.5 g  (Case of 12),310.68,25.89,In Stock,,
CBD DROPS UNFLAVOURED,Sundial,Sundial,30 ml (Case of 12),323.28,26.94,In Stock,34.99,30
NEPTUNE ISLAND HASH - BUBBLE HASH,Good Buds Company,Good Buds Company,"1 x 1 g Dominant piney, earthy aromas
Hints of cinnamon (Case of 12)",310.56,25.88,In Stock,,
DOSECANN CBD OIL,Dosecann,Dosecann,30 ml (Case of 6),138.54,23.09,In Stock,29.99,30
DOSECANN ORANGE 1:1 OIL,Dosecann,Dosecann,30 ml (Case of 6),176.34,29.39,In Stock,39.99,36
DOSECANN THC CAPSULES,Dosecann,Dosecann,30 capsules (Case of 12),243.60,20.3,In Stock,28.99,43
DOSECANN CBD CAPSULES,Dosecann,Dosecann,30 capsules (Case of 12),378.00,31.5,In Stock,44.99,43
DOSECANN 1:4 CAPSULES,Dosecann,Dosecann,30 capsules (Case of 12),294.00,24.5,In Stock,34.99,43
232 SERIES INDICA ICC LIVE TERPENE CARTG,Dosecann,Kolab Project,1 x 0.5 g  (Case of 12),402.00,33.5,In Stock,,
WATERMELON GUMMIES,Aurora,San Rafael '71,"2 x 5 g Watermelon 
 (Case of 12)",58.68,4.89,In Stock,,
STRAWBERRY GUMMIES,Aurora,San Rafael '71,"2 x 5 g Strawberry 
 (Case of 12)",58.68,4.89,In Stock,,
CAFE RACER,Sitka Weed Works,Greenade,3.5g (Case of 12),296.76,24.73,In Stock,,
THC DISTILLATE VAPE CATRIDGE,Pure Sunfarms,Pure Sunfarms,1 x 0.5 g  (Case of 12),229.68,19.14,In Stock,,
24K GOLD DRIED FLOWER,Zenabis Ltd,Namaste,3.5g (Case of 12),226.20,18.85,In Stock,24.99,33
STRAWBERRY GLUE DRIED FLOWER,Zenabis Ltd,Namaste,3.5g (Case of 12),226.20,18.85,In Stock,24.99,33
HYPERION FLOWER,Will Cannabis Group,Flint & Embers,3.5g (Case of 12),368.52,30.71,In Stock,,
HYPERION PRE-ROLL,Will Cannabis group,Flint & Embers,5 x 0.5g (Case of 12),266.40,22.2,In Stock,,
LEMON MARGY THCA DIAMONDS,Voyage Cannabis,Premium 5,0.5g (Case of 12),509.52,42.46,In Stock,,
LEMON MARGY THCA DIAMONDS,Voyage Cannabis,Premium 5,1g (Case of 12),912.84,76.07,In Stock,,
LEMON MARGY LIVE RESIN CAVIAR,Voyage Cannabis,Premium 5,0.5g (Case of 12),463.56,38.63,In Stock,,
LEMON MARGY LIVE RESIN CAVIAR,Voyage Cannabis,Premium 5,1g (Case of 12),840.60,70.05,In Stock,,
DIMENSION CBD SOFTGELS,iNaturally organic,Emprise Canada,15 capsules (Case of 6),369.18,61.53,In Stock,79.99,30
TC HASH,Tantalus Labs,Tantalus Labs,"1 x 1 g Tropical, Citrus, Fruit
 (Case of 12)",372.60,31.05,In Stock,,
SOLAR ECLIPSE BALANCED OIL,iNaturally organic,Emprise Canada,30 ml (Case of 12),317.28,26.44,In Stock,34.99,32
TANGERINE DREAM 510 CARTRIDGE,Aurora,San Rafael '71,1 x 0.5 g  (Case of 12),419.88,34.99,In Stock,,
PINK KUSH 510 CARTRIDGE,Aurora,San Rafael '71,1 x 0.5 g  (Case of 12),419.88,34.99,In Stock,,
THE EDGE,Muskoka Grown,Muskoka Grown,3.5g (Case of 24),618.24,25.76,In Stock,,
NORTHERN LIGHTS,Sundial,Top Leaf,3.5g (Case of 12),376.32,31.36,In Stock,39.99,28
GLUEBERRY OG,Muskoka Grown,Muskoka Grown,3.5g (Case of 24),618.24,25.76,In Stock,,
NORTHERN BERRY UP20,HEXO,UP,3.5g (Case of 24),458.16,19.09,In Stock,24.99,31
DRY SIFT HASH,Tilray Canada,The Batch,1 x 2 g  (Case of 12),305.40,25.45,In Stock,,
SOUR SECRET STRAWEBERRY CAVIAR,Abba Medix,Lab Theory,1g (Case of 6),468.72,78.12,In Stock,,
BANANA OG DIAMONDS,Abba Medix,Lab Theory,1g (Case of 6),468.72,78.12,In Stock,,
TANGIE CKS LIVE RESIN,Abba Medix,Lab Theory,0.5g (Case of 6),257.76,42.96,In Stock,,
SOUR CKS CAVIAR,Abba Medix,Lab Theory,0.5g (Case of 6),257.76,42.96,In Stock,,
OLD SCHOOL BLACK HASH,Trichome JWC,JWC,1 x 1 g  (Case of 12),209.88,17.49,In Stock,,
DARK HELMET GE PRE-ROLL,Trichome JWC,JWC,3 x 0.5g (Case of 12),138.36,11.53,In Stock,14.99,30
QUERKLE PRE-ROLLS,Sitka Weed Works,Greenade,3 x 0.5g (Case of 24),282.96,11.79,In Stock,,
MIRAGE PLUS PRE-ROLL,Breathing green solutions,SKOSHA,3 x 0.5g (Case of 24),424.80,17.7,In Stock,,
MIRAGE PLUS,Breathing green solutions,SKOSHA,3.5g (Case of 24),703.92,29.33,In Stock,,
ORANGE BUD TERPÂ  SAUCE VAPE,Apothecary,Natural History,1 x 0.5 g  (Case of 12),395.52,32.96,In Stock,,
CRESCENDO TERP SAUCE VAPE,Apothecary,Natural History,1 x 0.5 g  (Case of 12),395.52,32.96,In Stock,,
SAPPHIRE OG,Good Buds Company,Good Buds Company,3.5g (Case of 12),391.56,32.63,In Stock,,
PACIFIC OG GLASS TASTER PRE-ROLL,Tantalus Labs,Tantalus Labs,1 x 0.4g (Case of 24),167.76,6.99,In Stock,,
CRAFT COLLECTIVE PINK KUSH PRE-ROLLS,7ACRES,7ACRES,3 x 0.5g (Case of 24),248.40,10.35,In Stock,13.99,35
GRANDPA'S STASH,Apothecary,Apothecary Botanicals,3.5g (Case of 12),268.92,22.41,In Stock,29.99,34
THC DROPS 20MG,Valens Agritech,Verse Originals,20g (Case of 12),248.40,20.7,In Stock,29.99,45
SUNSET PEACH 510 CARTRIDGE,Valens Agritech,Verse Originals,1 x 1 g  (Case of 12),376.44,31.37,In Stock,,
SUMMER BERRY 510 CARTRIDGE,Valens Agritech,Verse Originals,1 x 1 g  (Case of 12),376.44,31.37,In Stock,,
CHERRY COLA POP CHOCOLATE,Dosecann,Kolab Project,"1 x 10g cherry cola chocolate
 (Case of 12)",57.84,4.82,In Stock,,
ULTRA OG KUSH PRE-ROLL,Agro Greens Natural,Shelter,4 x 0.5g (Case of 12),262.20,21.85,In Stock,,
GLUEBERRY OG PRE-ROLL,Agro Greens Natural,Shelter,4 x 0.5g (Case of 12),262.20,21.85,In Stock,,
BLUE NOVA,Sundial,Sundial,3.5g (Case of 12),277.08,23.09,In Stock,29.99,30
CRAFT BLUEBERRY GUMMIES,Pure Sunfarms,White Rabbit OG,"4 x 4 g Blueberry
 (Case of 12)",66.24,5.52,In Stock,,
CRAFT SOUR PEACH GUMMIES,Pure Sunfarms,White Rabbit OG,"4 x 4.5 g Peach
 (Case of 12)",66.24,5.52,In Stock,,
MELON GUM,WEED ME,WEED ME,3.5g (Case of 12),305.64,25.47,In Stock,32.99,30
MELON GUM PRE-ROLL,WEED ME,WEED ME,3 x 0.5g (Case of 24),276.00,11.5,In Stock,14.99,30
CHAPTER 1 BANANA PUNCH SHATTER,CannMart,Stigma Grow,1 x 0.5 g  (Case of 12),379.56,31.63,In Stock,,
CHAPTER 1 SOUR GRAPE SHATTER,CannMart,Stigma Grow,1 x 0.5 g  (Case of 12),379.56,31.63,In Stock,,
HEADBAND FULL SPECTRUM CARTRIDGE,Pure Sunfarms,Pure Sunfarms,1 x 0.5 g  (Case of 12),229.68,19.14,In Stock,,
CRITICAL KALI MIST CARTRIDGE,Pure Sunfarms,Pure Sunfarms,1 x 0.5 g  (Case of 12),229.68,19.14,In Stock,,
CROWN,JC Green Cannabis,Jonny Chronic,3.5g (Case of 12),338.16,28.18,In Stock,37.99,35
CARAMEL MILK CHOCOLATE,Aurora,Daily Special,"1 x 10g Caramel Milk Chocolate
 (Case of 12)",42.00,3.5,In Stock,,
GINGER + LIME,Canopy Growth Corporation,QUATREAU,1 x 355 ml Ginger & Lime (Case of 12),32.40,2.7,In Stock,3.99,48
BLUEBERRY + ACAI,Canopy Growth Corporation,QUATREAU,1 x 355 ml Blueberry & Acai (Case of 12),32.40,2.7,In Stock,3.99,48
ICE MILK CHOCOLATE,Indiva,Bhang,"1 x 10gMilk Chocolate and Peppermint
 (Case of 48)",132.00,2.75,In Stock,,
KUSH MINT HYBRID CARTRIDGE,Dosecann,Back Forty,"1 x 1 g mint
 (Case of 12)",419.88,34.99,In Stock,,
SAGE N' SOUR FLOWER,TGOD,MTL CANNABIS,3.5g (Case of 12),269.16,22.43,In Stock,29.99,34
GREEN CRUSH 510 CARTRIDGE,Delshen Therapeutics,48North,1 x 0.5 g  (Case of 12),335.88,27.99,In Stock,,
FIRESIDE BLAZE ULTRA HIGH THC CARTRIDGE,Abcann,ABCANN MEDICINALS,1 x 0.5 g  (Case of 20),530.20,26.51,In Stock,,
SATIVA-510 THREAD CARTRIDGE,Canopy Growth Corporation,TWD,1 x 0.5 g  (Case of 12),243.60,20.3,In Stock,,
HOUNDSTOOTH-510 THREAD CARTRIDGE,Canopy Growth Corporation,TWEED,1 x 0.5 g  (Case of 12),302.40,25.2,In Stock,,
BAKERSTREET-510 THREAD CARTRIDGE,Canopy Growth Corporation,TWEED,1 x 0.5 g  (Case of 12),302.40,25.2,In Stock,,
REEF HIGH SEAS PRE-ROLL,Aqualitas Inc.,Reef,3 x 0.5g (Case of 24),400.32,16.68,In Stock,21.99,32
REEF HIGH SEAS,Aqualitas Inc,Reef,3.5g (Case of 24),794.40,33.1,In Stock,42.99,30
NO. 516 SONIC EXPRESS,TerrAscend,Haven St. Premium Cannabis,3.5g (Case of 12),276.00,23.0,In Stock,29.99,30
NO. 425 MIDNIGHT JAM,TerrAscend,Haven St. Premium Cannabis,3.5g (Case of 12),276.00,23.0,In Stock,29.99,30
SAN FERNANDO VALLEY OG KUSH DRIED FLOWER,Indiva,Indiva,3.5g (Case of 24),662.40,27.6,In Stock,35.99,30
WANA STRAWBERRY CBD 10:1  SOUR GUMMIES,Indiva,WANA,"2 x 4.5 g Strawberry 
 (Case of 24)",117.36,4.89,In Stock,,
WANA POMEGRANATE BLUEBERRY ACAI 5:1 SOUR,Indiva,WANA,"2 x 4.5 g Berry
 (Case of 24)",117.36,4.89,In Stock,,
WANA BLUEBERRY INDICA SOUR GUMMIES,Indiva,WANA,"2 x 4.5 g Blueberry
 (Case of 24)",117.36,4.89,In Stock,,
WANA JAPANESE CITRUS YUZU 2:1 SOUR GUMMI,Indiva,WANA,2 x 4.5 g Citrus (Case of 24),117.36,4.89,In Stock,6.99,43
GG #4,TGOD,TGOD,3.5g (Case of 24),634.80,26.45,In Stock,34.99,32
MINT CBD TEA,Tilray Canada,Everie,"3 x 3 g Mint
 (Case of 24)",269.04,11.21,In Stock,,
STRAWBERRY MAC GUMMIES,Experion,CITIZEN STASH,"2 x 3.2 g Strawberry
 (Case of 24)",134.16,5.59,In Stock,,
DUKE,314 Pure Cannabis Ltd.,Poolboy,3.5g (Case of 12),262.20,21.85,In Stock,29.99,37
SAPPHIRE OG FLOWER ROSIN,Good Buds Company,Good Buds Company,0.5 ml (Case of 12),361.44,30.12,In Stock,,
MANGO TAFFIE FLOWER ROSIN,Good Buds Company,Good Buds Company,0.5 ml (Case of 12),361.44,30.12,In Stock,,
SALTY GOD FLOWER ROSIN,Good Buds Company,Good Buds Company,0.5 ml (Case of 12),324.36,27.03,In Stock,,
DRAGON FRUIT CHEW,Medipharm Labs,Olli,"2 x 10 g DragonFruit 
 (Case of 12)",51.12,4.26,In Stock,,
STRAWBERRY FRUIT CHEW,Medipharm Labs,Olli,"2 x 10 g Strawberry 
 (Case of 12)",51.12,4.26,In Stock,,
CBD ISOLATE,Medipharm Labs,LABS Cannabis,0.5 ml (Case of 12),419.88,34.99,In Stock,,
SATIVA 510 VAPE CARTRIDGE,Sundial,Grasslands,1 x 1 g  (Case of 12),461.88,38.49,In Stock,,
INDICA 510 VAPE CARTRIDGE,Sundial,Grasslands,1 x 1 g  (Case of 12),461.88,38.49,In Stock,,
XMG DROPS,HEXO,XMG,1 x 18 g  (Case of 12),303.60,25.3,In Stock,,
GOLD ISLAND SWEET SKUNK PRE-ROLL,Tilray Canada,Marley Natural,3 x 0.5g (Case of 48),575.52,11.99,In Stock,17.99,50
BUBBA BUBBLE HASH,Sundial,Top Leaf,1 x 1 g  (Case of 12),319.08,26.59,In Stock,,
MAC1 PRE-ROLLS,Decibel Cannabis Company,Qwest Reserve,2 x 0.5g (Case of 12),158.76,13.23,In Stock,,
MANGO MERCY 510 THREAD CARTRIDGE,Valens Agritech,DAIZE,1 x 0.5 g  (Case of 12),283.20,23.6,In Stock,,
LEMON LIMO 510 THREAD CARTRIDGE,Valens Agritech,DAIZE,1 x 0.5 g  (Case of 12),283.20,23.6,In Stock,,
JEFFERYS PRE-ROLL,CStar Cannabis,Cstar Cannabis,5 x 0.5g (Case of 12),207.00,17.25,In Stock,,
CANDY CANE CRUSH CBD 1:20 MILK CHOCOLATE,Indiva,Legend,"1 x 10g Milk Chocolate/Peppermint
 (Case of 48)",132.00,2.75,In Stock,,
DUNN CANNABIS ISLAND PINK HEAD,Indiva,Artisan Batch,3.5g (Case of 12),434.04,36.17,In Stock,49.99,38
TROPIC GSC SATIVA VAPE CARTRIDGE,Westleaf Labs,General Admission,"1 x 0.95 g Orange, cirtus, sweet
 (Case of 12)",427.80,35.65,In Stock,,
BERRY G33 INDICA VAPE CARTRIDGE 0.95,Westleaf Labs,General Admission,"1 x 0.95 g Sweet berry
 (Case of 12)",427.80,35.65,In Stock,,
GREEN CUSH PRE-ROLL,Agro Greens Natural,Wildlife,10 x 0.3g (Case of 12),332.16,27.68,In Stock,35.99,30
BLUEBERRY LAVENDER GUMMIES,Medipharm Labs,Ace Valley,"2 x 10 g Blueberry, Lavender (Case of 12)",58.68,4.89,In Stock,6.99,43
RASPBERRY GUMMIES,Medipharm Labs,Ace Valley,"2 x 10 g Apple, Raspberry  (Case of 12)",58.68,4.89,In Stock,,
GREEN HAZE 15G,Potanicals Green Growers,BBT,15g (Case of 12),496.80,41.4,In Stock,54.99,33
FIRE OG OIL,Radicle Medical,Gage Cannabis Co,30ml (Case of 12),365.76,30.48,In Stock,,
GRAPEFRUIT 4:1 CBD GUMMIES,Medipharm Labs,Ace Valley,2 x 10 g Grapefruit (Case of 12),58.68,4.89,In Stock,6.99,43
FIRESIDE X WAPPA WAX,Abcann,ABCANN MEDICINALS,1 x 0.5 g  (Case of 12),345.00,28.75,In Stock,,
BYTES GINGERBREAD CHOCOLATE,Organigram,Edison,"2 x 12g Gingerbread
 (Case of 24)",165.60,6.9,In Stock,,
BLENDCRAFT SATIVA WAX,Westleaf Labs,QWEST,0.5 ml (Case of 12),331.08,27.59,In Stock,,
BLENDCRAFT SATIVA WAX,Westleaf Labs,QWEST,1 ml (Case of 12),634.68,52.89,In Stock,,
CRITICAL KALI MIST 0.45G 510 CARTRIDGE,Valens Agritech,Made By,1 x 0.45 g  (Case of 12),274.32,22.86,In Stock,,
HEADBAND 0.45G 510 CARTRIDGE,Valens Agritech,Made By,1 x 0.45 g  (Case of 12),274.32,22.86,In Stock,,
SAPPHIRE,Delta 9,Delta 9,1 x 2 g  (Case of 24),552.00,23.0,In Stock,,
BLENDCRAFT SATIVA SHATTER,Westleaf Labs,QWEST,"1 x 0.5 g Diesel, Citrus, Sweet
 (Case of 12)",255.12,21.26,In Stock,,
BLENDCRAFT SATIVA SHATTER,Westleaf Labs,QWEST,"1 x 1 g Diesel, Citrus, Sweet
 (Case of 12)",482.88,40.24,In Stock,,
BLENDCRAFT INDICA SHATTER,Westleaf Labs,QWEST,"1 x 0.5 g Earthy, Woodsy, Sweet
 (Case of 12)",255.12,21.26,In Stock,,
BLENDCRAFT INDICA SHATTER,Westleaf Labs,QWEST,"1 x 1 g Earthy, Woodsy, Sweet
 (Case of 12)",482.88,40.24,In Stock,,
TULLIA + CBD:THC LOTION,Tidal Health Solutions,TIDAL,1 x 61 g  (Case of 12),503.76,41.98,In Stock,,
TULLIA CBD:THC LOTION,Tidal Health Solutions,TIDAL,1 x 61 g  (Case of 12),293.76,24.48,In Stock,,
RIVA+ CBD LOTION,Tidal Health Solutions,TIDAL,1 x 61 g  (Case of 12),503.76,41.98,In Stock,,
RIVA CBD LOTION,Tidal Health Solutions,TIDAL,1 x 61 g  (Case of 12),293.76,24.48,In Stock,,
GRAPE SOFT CHEW,Tidal Health Solutions,Tidal,1 x 3.2 g Grape (Case of 12),65.52,5.46,In Stock,7.99,46
PEACH SOFT CHEW,Tidal Health Solutions,Tidal,1 x 3.2 g peach (Case of 12),65.52,5.46,In Stock,7.99,46
WATERMELON SOFT CHEW,Tidal Health Solutions,Tidal,"1 x 3.2 g Watermelon
 (Case of 12)",65.52,5.46,In Stock,,
SOUR CHERRY SOFT CHEW,Tidal Health Solutions,Tidal,"1 x 3.2 g Sour Cherry
 (Case of 12)",65.52,5.46,In Stock,,
EVERE5T SEEDS,PROGENYBIO,erbaceous,4 seeds (Case of 6),179.40,29.9,In Stock,39.99,34
K4ILASH SEEDS,PROGENYBIO,erbaceous,4 seeds (Case of 6),179.40,29.9,In Stock,39.99,34
BUBBA KUSH,Whistler Cannabis Co.,Whistler Cannabis Co.,3.5g (Case of 24),1108.80,46.2,In Stock,,
TWEED BALMORAL,Canopy Growth Corporation,Tweed,3.5g (Case of 12),247.32,20.61,In Stock,26.99,31
RASPBERRY MILK CHOCOLATE CBD 1:20,Indiva,Legend,"1 x 10gRaspberry Chocolate
 (Case of 48)",132.00,2.75,In Stock,,
ISLAND HONEY PRE-ROLLS,Pure Sunfarms,Pure Sunfarms,3 x 0.5g (Case of 24),176.64,7.36,In Stock,9.99,36
PAX ERA PRO,Pax Labs,PAX Labs,"Black
 (Case of 5)",277.75,55.55,In Stock,,
BUBBA PRE-ROLLS,Sundial,Top Leaf,3 x 0.5g (Case of 12),184.68,15.39,In Stock,19.99,30
PINK KUSH PRE-ROLLS,Sundial,Top Leaf,3 x 0.5g (Case of 12),184.68,15.39,In Stock,19.99,30
15:15 BALANCE CBD OIL,Voyage Cannabis,purefarma,30 ml (Case of 12),369.12,30.76,In Stock,39.99,30
HEMPLIXIR 30 CBD OIL,Voyage Cannabis,purefarma,30 ml (Case of 12),369.12,30.76,In Stock,39.99,30
NIGHTFALL INDICA HONEY OIL DROPS,Voyage Cannabis,Pura Vida,30 ml (Case of 12),230.76,19.23,In Stock,26.99,40
DAYBREAK SATIVA HONEY OIL DROPS,Voyage Cannabis,Pura Vida,30ml (Case of 12),230.76,19.23,In Stock,,
BALANCED PRE-ROLL,Tantalus Labs,Treeline,8 x 0.5g (Case of 12),199.32,16.61,In Stock,21.99,32
OG CHEMDAWG LIVE RESIN,Aurora,San Rafael '71,1 ml (Case of 12),434.76,36.23,In Stock,,
GLUEBERRY OG LIVE RESIN BADDER,Radient Technologies,Premium 5,0.5 ml (Case of 12),387.60,32.3,Out of Stock,,
GLUEBERRY OG LIVE RESIN BADDER,Radient Technologies,Premium 5,1 ml (Case of 12),692.16,57.68,In Stock,,
ROSIN,Apothecary,Apothecary Botanicals,0.5 ml (Case of 12),317.16,26.43,In Stock,,
VERSE CRUMBLE,Valens Agritech,Verse Concentrates,1g (Case of 6),260.70,43.45,In Stock,,
GHOST TRAIN HAZE PRE-ROLL,WeedMD,Saturday,1 x 0.5g (Case of 48),209.76,4.37,In Stock,5.99,37
SYNC 15 CBD OIL (MINT CHOCOLATE),Emerald Health Therapeutics,Emerald Health Therapeutics,20 ml (Case of 12),191.88,15.99,In Stock,21.99,38
SYNC 25 CBD OIL,Emerald Health Therapeutics,Emerald Health Therapeutics,20 ml (Case of 12),342.96,28.58,In Stock,39.99,40
BC ORGANIC APPLE TOFFEE,Rubicon Organics,Simply Bare,3.5g (Case of 12),393.72,32.81,In Stock,42.99,31
BC ORGANIC APPLE TOFFEE PRE-ROLLS,Rubicon Organics,Simply Bare,3 x 0.5g (Case of 24),402.72,16.78,In Stock,21.99,31
EASTERN DANK,Highland Grow,Highland Grow,3.5g (Case of 12),367.08,30.59,In Stock,,
BC CANNABLISS,Canna Farms,Canna Farms,3.5g (Case of 12),350.28,29.19,In Stock,37.99,30
CBD SOFTGEL,Aurora,Daily Special,30 capsules (Case of 12),277.08,23.09,In Stock,29.99,30
INDICA THC SOFTGEL,Aurora,Daily Special,30 capsules (Case of 12),184.68,15.39,In Stock,19.99,30
SATIVA THC SOFTGEL,Aurora,Daily Special,30 capsules (Case of 12),184.68,15.39,In Stock,19.99,30
ONE OUNCE,Tilray Canada,The Batch,28g (Case of 12),923.88,76.99,In Stock,99.99,30
APL BLACK CURED BADDER,Acreage Pharms,Acreage Pharms,1 ml (Case of 12),420.12,35.01,In Stock,,
TRAIL MIX INDICA PRE-ROLLS,Delshen Therapeutics,48North,7 x 0.35g (Case of 24),406.32,16.93,In Stock,,
OS. KLIK TRAINWRECK,HEXO,Original Stash,1 ml (Case of 12),510.60,42.55,In Stock,,
OS. KLIK DURBAN POISON,HEXO,Original Stash,1 ml (Case of 12),510.60,42.55,In Stock,,
PEDRO'S SWEET SATIVA CARTRIDGE,WeedMD,Color Cannabis,"1 x 0.4 g Sweet
 (Case of 12)",252.60,21.05,In Stock,,
SUPER SOUR DIESEL 510 VAPE CARTRIDGE,Aurora,Daily Special,"1 x 0.5 g Earthy, Skunky
 (Case of 12)",251.88,20.99,In Stock,,
OG KUSH 510 VAPE CARTRIDGE,Aurora,Daily Special,"1 x 0.5 g Earthy, Pine
 (Case of 12)",251.88,20.99,In Stock,,
OS. HYBRID,HEXO,Original Stash,28g (Case of 12),720.00,60.0,In Stock,99.99,67
OS. SATIVA,HEXO,Original Stash,28g (Case of 12),720.00,60.0,In Stock,99.99,67
OS. INDICA,HEXO,Original Stash,28g (Case of 12),911.88,75.99,In Stock,99.99,32
PINK KUSH PRE-ROLLS,Aurora,San Rafael '71,3 x 0.5g (Case of 24),314.16,13.09,In Stock,16.99,30
DELAHAZE PRE-ROLLS,Aurora,San Rafael '71,3 x 0.5g (Case of 24),314.16,13.09,In Stock,16.99,30
FORBIDDEN FRUIT INDICA CARTRIDGE,Dosecann,Back Forty,"1 x 0.45 g citrus, earthy
 (Case of 12)",239.88,19.99,In Stock,,
FORBIDDEN FRUIT INDICA CARTRIDGE,Dosecann,Back Forty,"1 x 1 g citrus, earthy
 (Case of 12)",419.88,34.99,Out of Stock,,
SUPER LEMON HAZE SATIVA CARTIDGE,Dosecann,Back Forty,"1 x 0.45 g citrus, floral
 (Case of 12)",239.88,19.99,In Stock,,
SUPER LEMON HAZE SATIVA CARTIDGE,Dosecann,Back Forty,"1 x 1 g citrus, floral
 (Case of 12)",419.88,34.99,Out of Stock,,
HARD MAPLE CARAMEL,Dosecann,Foray,"2 x 5 g maple caramel
 (Case of 12)",44.52,3.71,In Stock,,
RASPBERRY MILK CHOCOLATE,Indiva,Legend,"1 x 10gRaspberry Chocolate
 (Case of 48)",132.00,2.75,In Stock,,
ORANGE DARK CHOCOLATE,Indiva,Legend,"1 x 10gOrange Chocolate
 (Case of 48)",132.00,2.75,In Stock,,
ICE CREAM CAKE PRE-ROLL,WEED ME,WEED ME,3 x 0.5g (Case of 24),276.00,11.5,In Stock,,
GRANDPA'S STASH PRE-ROLL,WEED ME,WEED ME,3 x 0.5g (Case of 24),276.00,11.5,In Stock,,
PEDRO'S SWEET SATIVA PRE-ROLLS,WeedMD,Color Cannabis,2 x 0.35g (Case of 48),217.92,4.54,In Stock,,
BLENDCRAFT INDICA WAX,Westleaf Labs,QWEST,1 x 0.5 g  (Case of 12),331.20,27.6,In Stock,,
BLENDCRAFT INDICA WAX,Westleaf Labs,QWEST,1 x 1 g  (Case of 12),634.80,52.9,In Stock,,
DNA CHOCOLATE FONDUE PRE-ROLL,Canopy Growth Corporation,DNA Genetics,5 x 0.5g (Case of 24),498.72,20.78,In Stock,26.99,30
DNA CHOCOLATE FONDUE PRE-ROLL,Canopy Growth Corporation,DNA Genetics,2 x 0.5g (Case of 48),406.08,8.46,In Stock,10.99,30
LEGACY HASHISH,Neptune Wellness,Mood Ring,1 x 1 g  (Case of 12),294.00,24.5,In Stock,,
BASECAMP CBD ICED TEA,Valens Agritech,A1 Cannabis,"1 x 355 ml CBD Iced tea
 (Case of 12)",58.92,4.91,In Stock,,
SUMMIT 10 LEMONADE ICED TEA,Valens Agritech,A1 Cannabis,"1 x 355 ml Lemon iced tea
 (Case of 12)",59.64,4.97,In Stock,,
NORTHERN LIGHTS CARTRIDGE,Agripharm,O.pen,1 x 0.5 g  (Case of 12),310.80,25.9,In Stock,,
EXODUS CHEESE,Agripharm,Green House Seed Co.,3.5g (Case of 12),277.08,23.09,In Stock,29.99,30
MANDARIN C CO2 TERP SAUCE CARTRIDGE,CannMart,PHYTO,1 x 0.5 g SWEET CITRUS (Case of 12),407.16,33.93,In Stock,,
D. BUBBA PRE-ROLLS,Pure Sunfarms,Pure Sunfarms,3 x 0.5g (Case of 24),176.64,7.36,In Stock,9.99,36
ORANGE CKS FULL SPECTRUM OIL PAX POD,Delshen Therapeutics,Fume TR Signature,1 x 0.5 g  (Case of 6),234.60,39.1,In Stock,,
BLUE DREAM CARTRIDGE,Sundial,Top Leaf,1 x 0.5 g  (Case of 12),310.68,25.89,In Stock,,
COAST MOUNTAIN CANNABIS BC ORIGINAL GLUE,Indiva,Artisan Batch,3.5g (Case of 12),400.20,33.35,In Stock,,
CBD EARTH CARTRIDGE,Voyage Cannabis,Purefarma,1 x 0.5 g  (Case of 12),276.12,23.01,In Stock,,
SATIVA SUN CARTRIDGE,Voyage Cannabis,Purefarma,1 x 0.5 g  (Case of 12),276.12,23.01,In Stock,,
INDICA MOON CARTRIDGE,Voyage Cannabis,Purefarma,1 x 0.5 g  (Case of 12),276.12,23.01,In Stock,,
CBD 4:1 HONEY OIL CARTRIDGE,Voyage Cannabis,Pura Vida,1 x 0.5 g  (Case of 12),292.92,24.41,In Stock,,
HYBRID HONEY OIL CARTRIDGE,Voyage Cannabis,Pura Vida,1 x 0.5 g  (Case of 12),251.04,20.92,In Stock,,
SATIVA HONEY OIL CARTRIDGE,Voyage Cannabis,Pura Vida,1 x 0.5 g  (Case of 12),251.04,20.92,In Stock,,
INDICA HONEY OIL CARTRIDGE,Voyage Cannabis,Pura Vida,1 x 0.5 g  (Case of 12),251.04,20.92,In Stock,,
CBD OIL 1:20,Valens Agritech,Verse Originals,28.5g (Case of 12),197.16,16.43,In Stock,22.99,40
CRAFT COLLECTIVE ICE CREAM CAKE,7ACRES,7ACRES,3.5g (Case of 12),386.40,32.2,In Stock,42.99,34
RC ROYAL GODDESS,Canntx Life Sciences,Royal City,3.5g (Case of 12),276.00,23.0,In Stock,29.99,30
INDICA,Sundial,Grasslands,28g (Case of 4),307.96,76.99,In Stock,,
HASH ROSIN,Good Buds Company,Good Buds Company,0.5 ml (Case of 12),292.56,24.38,In Stock,,
BCN CRITICAL XXL LIVE RESIN,CannMart,PHYTO,0.5 ml (Case of 12),441.48,36.79,In Stock,,
MAPLE SHERBET LIVE RESIN,CannMart,PHYTO,0.5 ml (Case of 12),441.48,36.79,In Stock,,
JACK HERER SATIVA CARTRIDGE,Dosecann,Kolab Project,1 x 0.5 g  (Case of 12),329.52,27.46,In Stock,,
GRANDDADDY PURPLE INDICA CARTRIDGE,Dosecann,Kolab Project,1 x 0.5 g  (Case of 12),329.52,27.46,In Stock,,
GOJI OG HYBRID CARTRIDGE,Dosecann,Foray,1 x 0.5 g  (Case of 12),289.44,24.12,In Stock,,
BLUE DREAM HYBRID CARTRIDGE,Dosecann,Kolab Project,1 x 0.5 g  (Case of 12),329.52,27.46,In Stock,,
MAUI WOWIE SATIVA CARTRIDGE,Dosecann,Foray,1 x 0.5 g  (Case of 12),289.44,24.12,In Stock,,
BLACKBERRY CREAM INDICA CARTRIDGE,Dosecann,Foray,1 x 1 g  (Case of 12),503.04,41.92,In Stock,,
SATIVA!,Aphria,B!NGO,15g (Case of 12),501.48,41.79,In Stock,,
SATIVA!,Aphria,B!NGO,28g (Case of 12),866.40,72.2,In Stock,,
INDICA!,Aphria,B!NGO,15g (Case of 12),501.48,41.79,In Stock,,
INDICA!,Aphria,B!NGO,28g (Case of 12),866.40,72.2,Out of Stock,,
D-BUBBA PRE-ROLL,Agro Greens Natural,Wildlife,10 x 0.3g (Case of 12),332.16,27.68,In Stock,36.99,34
WHITE CRUSH PRE-ROLL,Agro Greens Natural,JOURNEY CANNABIS,10 x 0.3g (Case of 12),249.36,20.78,In Stock,26.99,30
HONEY JACK PRE-ROLL,Agro Greens Natural,JOURNEY CANNABIS,10 x 0.3g (Case of 12),249.36,20.78,In Stock,26.99,30
ORANGE DISTILLATE CARTRIDGE,CannMart,PHYTO,1 x 0.5 g ORANGE (Case of 12),262.20,21.85,In Stock,,
WATERMELON DISTILLATE CARTRIDGE,CannMart,PHYTO,1 x 0.5 g WATERMELON (Case of 12),262.20,21.85,In Stock,,
PURE SUN 1:30 CBD OIL,Valens Agritech,Pure Sunfarms,30ml (Case of 12),277.20,23.1,In Stock,,
PURE SUN 1:10 CBD OIL,Valens Agritech,Pure Sunfarms,30ml (Case of 12),138.60,11.55,In Stock,,
ISLAND HONEY FULL SPECTRUM 510 CARTRIDGE,Valens Agritech,Pure Sunfarms,1 x 0.5 g  (Case of 12),229.80,19.15,In Stock,,
WHITE RHINO FULL SPECTRUM 510 CARTRIDGE,Valens Agritech,Pure Sunfarms,1 x 0.5 g  (Case of 12),229.80,19.15,In Stock,,
AFGHAN KUSH FULL SPECTRUM 510 CARTRIDGE,Valens Agritech,Pure Sunfarms,1 x 0.5 g  (Case of 12),229.80,19.15,In Stock,,
GOLD ISLAND SWEET SKUNK,Tilray Canada,Marley Natural,3.5g (Case of 24),554.16,23.09,In Stock,32.99,43
DP CONTROLLER AND CHARGER,Dosecann,dosist,White (Case of 10),9.90,0.99,In Stock,1.0,1
RELAX THC-PLUS FORMULA POD,Dosecann,dosist,1 x 0.5 g  (Case of 12),419.88,34.99,In Stock,,
AROUSE THC-PLUS FORMULA POD,Dosecann,dosist,1 x 0.5 g  (Case of 12),419.88,34.99,In Stock,,
BLISS THC-PLUS FORMULA POD,Dosecann,dosist,1 x 0.5 g  (Case of 12),419.88,34.99,In Stock,,
CALM FORMULA POD,Dosecann,dosist,1 x 0.5 g  (Case of 12),419.88,34.99,In Stock,,
AROUSE THC-PLUS DOSE PEN 100,Dosecann,dosist,1 x 0.25 g White (Case of 12),378.12,31.51,In Stock,,
RELAX THC-PLUS DOSE PEN 100,Dosecann,dosist,1 x 0.25 g White (Case of 12),378.12,31.51,In Stock,,
BLISS THC-PLUS DOSE PEN 100,Dosecann,dosist,1 x 0.25 g  (Case of 12),378.12,31.51,In Stock,,
CALM DOSE PEN 100,Dosecann,dosist,1 x 0.25 g White (Case of 12),378.12,31.51,In Stock,44.99,43
STICKY FINGERZ LIVE RESIN CARTRIDGE,Radient Technologies,Premium 5,1 x 0.5 g  (Case of 12),443.04,36.92,In Stock,,
MAPLE BERT LIVE RESIN CARTRIDGE,Radient Technologies,Premium 5,1 x 0.5 g  (Case of 12),443.04,36.92,In Stock,,
STICKY FINGERZ LIVE RESIN X CARTRDGE,Radient Technologies,Premium 5,1 x 0.5 g  (Case of 12),415.44,34.62,In Stock,,
BLACK CHERRY PUNCH HASH ROSIN,Radient Technologies,Premium 5,0.5 ml (Case of 12),452.28,37.69,In Stock,,
BLACK CHERRY PUNCH HASH ROSIN,Radient Technologies,Premium 5,1 ml (Case of 12),849.12,70.76,Out of Stock,,
ICY BAKE HASH ROSIN,Radient Technologies,Premium 5,0.5 ml (Case of 12),452.28,37.69,In Stock,,
ICY BAKE HASH ROSIN,Radient Technologies,Premium 5,1 ml (Case of 12),849.12,70.76,Out of Stock,,
MAPLE BERT LIVE RESIN CAVIAR,Radient Technologies,Premium 5,0.5 ml (Case of 12),415.44,34.62,Out of Stock,,
MAPLE BERT LIVE RESIN CAVIAR,Radient Technologies,Premium 5,1 ml (Case of 12),738.48,61.54,In Stock,,
GLUEBERRY OG LIVE RESIN CAVIAR,Radient Technologies,Premium 5,0.5 ml (Case of 12),415.44,34.62,In Stock,,
GLUEBERRY OG LIVE RESIN CAVIAR,Radient Technologies,Premium 5,1 ml (Case of 12),738.48,61.54,In Stock,,
LEMON SKITZ LIVE RESIN CAVIAR,Radient Technologies,Premium 5,0.5 ml (Case of 12),415.44,34.62,Out of Stock,,
LEMON SKITZ LIVE RESIN CAVIAR,Radient Technologies,Premium 5,1 ml (Case of 12),738.48,61.54,In Stock,,
MAPLE BERT LIVE RESIN BADDER,Radient Technologies,Premium 5,0.5 ml (Case of 12),387.60,32.3,Out of Stock,,
MAPLE BERT LIVE RESIN BADDER,Radient Technologies,Premium 5,1 ml (Case of 12),692.16,57.68,In Stock,,
GLUEBERRY OG LIVE RESIN CRUMBLE,Radient Technologies,Premium 5,0.5 ml (Case of 12),387.60,32.3,In Stock,,
GLUEBERRY OG LIVE RESIN CRUMBLE,Radient Technologies,Premium 5,1 ml (Case of 12),692.16,57.68,Out of Stock,,
WEDDING CRASHER,Alberta Craft Cannabis,Tenzo,3.5g (Case of 24),656.16,27.34,In Stock,36.99,35
WEDDING CRASHER,Alberta Craft Cannabis,Tenzo,7g (Case of 12),562.32,46.86,In Stock,62.99,34
WEDDING CRASHER,Alberta Craft Cannabis,Tenzo,1g (Case of 30),257.40,8.58,In Stock,11.99,40
BC ORGANIC CREEK CONGO PRE-ROLL,Rubicon Organics,Simply Bare,3 x 0.5g (Case of 24),402.72,16.78,In Stock,,
BC ORGANIC SOUR COOKIES PRE-ROLL,Rubicon Organics,Simply Bare,3 x 0.5g (Case of 24),402.72,16.78,In Stock,,
KALIFORNIA,Kolab Project Inc,Kolab Project,3.5g (Case of 24),614.40,25.6,In Stock,34.99,37
GELATO,Radicle Medical,Gage Cannabis Co,3.5g (Case of 24),724.56,30.19,In Stock,38.99,29
GELATO PRE ROLL,Radicle Medical,Gage Cannabis Co,3 x 0.5g (Case of 24),360.24,15.01,In Stock,19.99,33
SPACE CAKE,Delta 9,Delta 9,3.5g (Case of 24),405.84,16.91,Out of Stock,,
GG4 PAX ERA POD,Zenabis Ltd,Namaste,1 x 0.5 g  (Case of 12),333.84,27.82,In Stock,,
SENSI STAR PRE-ROLL,7ACRES,7ACRES,2 x 0.5g (Case of 24),165.60,6.9,In Stock,,
REDEE 510 CARTRIDGE OG KUSH,Redecan,Redecan,1 x 0.45 g  (Case of 24),524.40,21.85,In Stock,,
REDEE DISPOSABLE PEN OG KUSH,Redecan,Redecan,"1 x 0.35 g Black
 (Case of 24)",372.72,15.53,In Stock,,
LIGHT YEAR THC SOFTGELS,iNaturally organic,Emprise Canada,30 capsules (Case of 6),158.64,26.44,In Stock,34.99,32
LEGACY CBD SOFTGELS,iNaturally Organic,Emprise Canada,15 capsules (Case of 6),179.34,29.89,In Stock,39.99,34
HYPERNOVA THC OIL,iNaturally organic,Emprise Canada,15 ml (Case of 6),129.36,21.56,In Stock,34.99,62
WHITE WIDOW PRE-ROLL,7ACRES,7ACRES,2 x 0.5g (Case of 24),152.40,6.35,In Stock,10.99,73
CHEMDOG,Organigram,Edison,3.5g (Case of 24),552.00,23.0,In Stock,,
TORCH BATTERY,Organigram,Trailblazer,White (Case of 24),151.92,6.33,In Stock,9.99,58
KUSH MINTS PRE-ROLLS,We Grow BC,QWEST RESERVE,2 x 0.5g (Case of 12),159.36,13.28,In Stock,,
HEADBAND SEEDS,Pure Sunfarms,Pure Sunfarms,4 seeds (Case of 12),258.72,21.56,In Stock,27.99,30
ALIEN DAWG,Tilray Canada,Canaca,3.5g (Case of 24),461.76,19.24,In Stock,,
ALIEN DAWG,Tilray Canada,Canaca,7g (Case of 12),415.68,34.64,Out of Stock,,
ALIEN DAWG,Tilray Canada,Canaca,15g (Case of 12),896.31,74.69,Out of Stock,,
MANGO,Tilray Canada,Canaca,3.5g (Case of 24),461.76,19.24,In Stock,26.99,40
MANGO,Tilray Canada,Canaca,15g (Case of 12),896.31,74.69,Out of Stock,116.99,57
MANGO,Tilray Canada,Canaca,7g (Case of 12),415.68,34.64,Out of Stock,39.97,15
SYNC 15 NANO CBD SPRAY(LEMON + LIMONENE),Emerald Health Therapeutics,Emerald Health Therapeutics,15 ml (Case of 12),220.68,18.39,In Stock,24.99,36
THE GENERAL,Organigram,Edison,3.5g (Case of 24),552.00,23.0,In Stock,29.99,30
SATIVA,Zenabis Ltd,Re-Up,28g (Case of 6),440.16,73.36,In Stock,,
INDICA,Zenabis Ltd,Re-Up,28g (Case of 6),440.16,73.36,In Stock,99.99,36
HOPS AND SPICE VAPE CARTRIDGE,Zenabis Ltd,Re-Up,"1 x 0.5 g hops and spice
 (Case of 12)",227.16,18.93,In Stock,,
HOPS AND SPICE VAPE CARTRIDGE,Zenabis Ltd,Re-Up,"1 x 1 g hops and spice
 (Case of 12)",416.88,34.74,In Stock,,
LEMON AND LAVENDER VAPE CARTRIDGE,Zenabis Ltd,Re-Up,"1 x 0.5 g lemon and lavendar
 (Case of 12)",227.16,18.93,In Stock,,
LEMON AND LAVENDER VAPE CARTRIDGE,Zenabis Ltd,Re-Up,"1 x 1 g lemon and lavendar
 (Case of 12)",416.88,34.74,In Stock,,
FLICKER BUDS,Organigram,Trailblazer,15g (Case of 6),286.38,47.73,In Stock,62.99,32
SPARK BUDS,Organigram,Trailblazer,15g (Case of 6),286.38,47.73,In Stock,62.99,32
WATERMELON HYBRID SOUR GUMMIES 2PC,Indiva,WANA,"2 x 4.5 g Watermelon
 (Case of 24)",117.36,4.89,In Stock,,
MANGO SATIVA SOUR GUMMIES 2 PC,Indiva,WANA,"2 x 4.5 g Mango
 (Case of 24)",117.36,4.89,In Stock,,
STRAWBERRY LEMONADE 1:1 SOUR GUMMIES 2PC,Indiva,WANA,"2 x 4.5 g Strawberry Citrus
 (Case of 24)",117.36,4.89,In Stock,,
HIWAY HASH,Blissco,Blissco,1 x 2 g  (Case of 12),282.12,23.51,In Stock,,
CARAMEL CHOCOLATE 1:1,Indiva,Bhang,"1 x 10g Caramel
 (Case of 48)",132.00,2.75,In Stock,,
DRY SIFT HASH,Tantalus Labs,Tantalus Labs,1 x 1 g  (Case of 6),106.98,17.83,In Stock,,
TROPIC LEMON 510 CARTRIDGE,Valens Agritech,Verse Originals,"1 x 0.3 g Citrus
 (Case of 12)",124.44,10.37,In Stock,,
TROPIC LEMON 510 CARTRIDGE,Valens Agritech,Verse Originals,"1 x 1 g Citrus
 (Case of 12)",376.44,31.37,In Stock,,
SIMPLE STASH SATIVA,Canopy Growth Corporation,Simple Stash,5g (Case of 12),212.40,17.7,In Stock,22.99,30
SIMPLE STASH SATIVA,Canopy Growth Corporation,Simple Stash,28g (Case of 6),445.44,74.24,In Stock,99.99,35
SIMPLE STASH INDICA,Canopy Growth Corporation,Simple Stash,5g (Case of 12),212.40,17.7,In Stock,22.99,30
SIMPLE STASH INDICA,Canopy Growth Corporation,Simple Stash,28g (Case of 6),445.44,74.24,In Stock,99.99,35
POWER KUSH SEEDS,Anc Inc,34 Street Seed Co,4 seeds (Case of 6),200.04,33.34,In Stock,,
SINALOA GOLD,Delta 9,Delta 9,3.5g (Case of 24),405.84,16.91,In Stock,,
LITTLE VICTORY DRY LEMON,HEXO,HEXO,"1 x 355 ml Dry Lemon
 (Case of 12)",66.24,5.52,In Stock,,
LITTLE VICTORY DRY GRAPEFRUIT,HEXO,HEXO,"1 x 355 ml Dry Grapefruit
 (Case of 12)",66.24,5.52,In Stock,,
HOUSE OF TERPENES MYRCENE SPARKLNG TONIC,HEXO,HEXO,1 x 355 ml  (Case of 12),53.28,4.44,In Stock,,
HOUSE OF TERPENES LIMONENE SPARKLG TONIC,HEXO,HEXO,"1 x 355 ml Limonene & Sparkling Tonic
 (Case of 12)",53.28,4.44,In Stock,,
MOLLO 2.5,HEXO,HEXO,"1 x 355 ml Malt
 (Case of 12)",24.96,2.08,In Stock,,
VERYVELL STRAWBRY HIBISCUS SPARKLG WATER,HEXO,HEXO,"1 x 355 ml Strawberry Hibiscus
 (Case of 12)",40.92,3.41,In Stock,,
GAELIC FIRE,Highland Grow,Highland Grow,3.5g (Case of 12),379.08,31.59,In Stock,41.99,33
NUKEN,Sundial,Palmetto,3.5g (Case of 12),267.84,22.32,In Stock,,
HEADBAND,Sundial,Palmetto,3.5g (Case of 12),267.84,22.32,In Stock,,
CHEMDAWG,Sundial,Palmetto,3.5g (Case of 12),267.84,22.32,In Stock,28.99,30
SENSI STAR FLOWER ROSIN,7ACRES,7ACRES,1 ml (Case of 12),558.96,46.58,In Stock,,
BC ORGANIC BLUE DREAM PRE-ROLL,Rubicon Organics,Simply Bare,3 x 0.5g (Case of 24),402.72,16.78,In Stock,,
BC ORGANIC SFV OG KUSH PRE-ROLL,Rubicon Organics,Simply Bare,3 x 0.5g (Case of 24),402.72,16.78,In Stock,,
BC ORGANIC SFV OG KUSH,Rubicon Organics,Simply Bare,3.5g (Case of 12),393.72,32.81,In Stock,,
POINT BREAK PRE-ROLLS,We Grow BC,QWEST RESERVE,2 x 0.5g (Case of 12),158.76,13.23,In Stock,,
PINEAPPLE GUMMIES,MedReleaf,SAN RAFAEL '71,"4 x 4.3 g Pineapple
 (Case of 12)",83.88,6.99,In Stock,,
GRAPE OASIS GUMMIES,Aurora,AURORA DRIFT,"4 x 4.3 g Grape
 (Case of 12)",67.08,5.59,In Stock,,
RASPBERRY GUMMIES,Aurora,AURORA DRIFT,"4 x 4.3 g Raspberry
 (Case of 12)",67.08,5.59,In Stock,,
BLASPBERRY GUMMIES,MedReleaf,SAN RAFAEL '71,"4 x 4.3 g Blue Raspberry
 (Case of 12)",83.88,6.99,In Stock,,
WEDDING CAKE PRE-ROLL,WEED ME,WEED ME,3 x 0.5g (Case of 24),248.40,10.35,In Stock,,
TOKYO SMOKE LUMA BATTERY MIDNIGHT,Canopy Growth Corporation,Tokyo Smoke,"Charcoal
 (Case of 12)",252.00,21.0,In Stock,,
GO LUMA,Canopy Growth Corporation,Tokyo Smoke,1 x 0.42 g  (Case of 12),383.64,31.97,In Stock,,
PAUSE LUMA,Canopy Growth Corporation,Tokyo Smoke,1 x 0.42 g  (Case of 12),383.64,31.97,In Stock,,
8 BALL KUSH PRE-ROLL,United Greeneries Ltd,18twelve,2 x 0.5g (Case of 24),220.80,9.2,In Stock,11.99,30
THC CITRUS SHOT,Aurora,AURORA DRIFT,"1 x 47 g Sweet, Fruity, Citrus
 (Case of 12)",58.92,4.91,In Stock,,
GHOST TRAIN HAZE,Aurora,Aurora,3.5g (Case of 24),461.76,19.24,In Stock,,
SKUNK VA SEEDS,WEED ME,WEED ME,4 seeds (Case of 6),210.06,35.01,In Stock,44.99,29
TWISTED GRAPE SEEDS,WEED ME,WEED ME,4 seeds (Case of 6),210.06,35.01,In Stock,,
ERROR 404 SEEDS,WEED ME,WEED ME,4 seeds (Case of 6),210.06,35.01,In Stock,,
CHEM STALLION SEEDS,WEED ME,WEED ME,4 seeds (Case of 6),210.06,35.01,In Stock,44.99,29
CBD SOFTGELS 10MG,Canopy Growth Corporation,Tweed,30 capsules (Case of 24),737.28,30.72,In Stock,39.99,30
CBD 25:5 RELEASE FORMULA,Medipharm Labs,MediPharm Labs,20 ml (Case of 12),448.56,37.38,In Stock,,
CBD REIGN DROPS,Redecan,Redecan,30 ml (Case of 24),220.80,9.2,In Stock,19.99,117
BC ORGANIC SOUR COOKIES,Rubicon Organics,Simply Bare,3.5g (Case of 12),393.72,32.81,In Stock,42.99,31
BC ORGANIC SOUR COOKIES,Rubicon Organics,Simply Bare,7g (Case of 12),732.36,61.03,Out of Stock,0.0,-100
BC ORGANIC CREEK CONGO,Rubicon Organics,Simply Bare,3.5g (Case of 12),393.72,32.81,In Stock,,
BC ORGANIC BLUE DREAM,Rubicon Organics,Simply Bare,3.5g (Case of 12),393.72,32.81,In Stock,,
BC ORGANIC BLUE DREAM,Rubicon Organics,Simply Bare,7g (Case of 12),732.36,61.03,Out of Stock,,
PARIS OG,Delshen Therapeutics,48North,3.5g (Case of 24),318.96,13.29,In Stock,,
GRANDDADDY PURPLE PRE-ROLL,Delshen Therapeutics,48North,3 x 0.35g (Case of 24),240.24,10.01,In Stock,12.99,30
EXTRA STRENGTH BODY OIL,Delshen Therapeutics,Apothecanna,1 x 28 g  (Case of 6),251.94,41.99,In Stock,,
CBD GEMS 0:10,Redecan,Redecan,15 capsules (Case of 24),220.80,9.2,In Stock,16.99,85
CBD MILK CHOCOLATE,Indiva,Bhang,"1 x 10g Chocolate
 (Case of 48)",132.00,2.75,In Stock,,
BLUEBERRY,Peace Naturals,Spinach,3.5g (Case of 24),462.96,19.29,In Stock,,
LILLOOET LANDRACE - 4 SEEDS,Tumbleweed Farms,Pristine,4 seeds (Case of 12),258.36,21.53,In Stock,29.99,39
HEADBAND - 4 SEEDS,Tumbleweed Farms,Pristine,4 seeds (Case of 12),258.36,21.53,In Stock,,
SENSI WIZARD,Highland Grow,Highland Grow,1g (Case of 24),222.24,9.26,Out of Stock,11.99,29
SENSI WIZARD,Highland Grow,Highland Grow,3.5g (Case of 12),379.08,31.59,In Stock,41.99,33
WAYFARER GG4 VAPORIZER CARTRIDGE,Medipharm Labs,MediPharm Labs,"1 x 0.47 g peppery and citrus
 (Case of 12)",361.20,30.1,In Stock,,
PURPLE MONKEY 510 CARTRIDGE,Aphria,Good Supply,"1 x 0.5 g Grape, Citrus, Fruity
 (Case of 12)",305.64,25.47,In Stock,,
PURPLE MONKEY 510 CARTRIDGE,Aphria,Good Supply,"1 x 1 g Grape, Citrus, Fruity
 (Case of 12)",455.28,37.94,Out of Stock,,
TANGIE KUSH 510 CARTRIDGE,Aphria,Good Supply,"1 x 0.5 g Skunky, Citrus, Herbal
 (Case of 12)",305.64,25.47,In Stock,,
WHITE WIDOW 510 CARTRIDGE,Aphria,Good Supply,"1 x 0.5 g Earthy, Citrus, Herbal
 (Case of 12)",305.64,25.47,Out of Stock,,
D. BUBBA,Pure Sunfarms,Pure Sunfarms,3.5g (Case of 24),405.84,16.91,In Stock,21.99,30
D. BUBBA,Pure Sunfarms,Pure Sunfarms,7g (Case of 12),368.52,30.71,Out of Stock,39.99,30
D. BUBBA,Pure Sunfarms,Pure Sunfarms,28g (Case of 6),552.00,92.0,In Stock,119.99,30
CBD 50 PLUS FORMULA,Medipharm Labs,MediPharm Labs,20 ml (Case of 12),646.68,53.89,In Stock,69.99,30
HOUSEPLANT INDICA,Canopy Growth Corporation,HOUSEPLANT,3.5g (Case of 12),346.80,28.9,In Stock,37.99,31
HOUSEPLANT SATIVA,Canopy Growth Corporation,HOUSEPLANT,3.5g (Case of 12),346.80,28.9,In Stock,37.99,31
HOUSEPLANT SATIVA,Canopy Growth Corporation,HOUSEPLANT,7g (Case of 12),636.00,53.0,In Stock,69.99,32
GREEN CRUSH,Delshen Therapeutics,48North,3.5g (Case of 24),469.92,19.58,In Stock,29.99,53
NO. 421 TWILIGHT,TerrAscend,Haven St.,3.5g (Case of 24),552.00,23.0,In Stock,29.99,30
NO. 515 NOISY NEIGHBOUR,TerrAscend,Haven St.,3.5g (Case of 24),552.00,23.0,In Stock,29.99,30
DAYSHIFT PRE-ROLL,Aurora,Kingsway,5 x 0.5g (Case of 48),742.56,15.47,In Stock,19.99,29
NIGHTSHIFT PRE-ROLL,Aurora,Kingsway,5 x 0.5g (Case of 48),742.56,15.47,In Stock,19.99,29
RAIDER KUSH,Aphria,Riff,3.5g (Case of 24),455.52,18.98,In Stock,24.99,32
RAIDER KUSH,Aphria,Riff,7g (Case of 12),410.28,34.19,Out of Stock,49.99,46
HAWAII HEARTBREAK,Aphria,Riff,3.5g (Case of 24),456.00,19.0,In Stock,27.99,47
HAWAII HEARTBREAK,Aphria,Riff,7g (Case of 12),410.28,34.19,Out of Stock,49.99,46
DT81,Aphria,Riff,3.5g (Case of 24),401.04,16.71,In Stock,27.99,68
DT81,Aphria,Riff,7g (Case of 12),456.00,38.0,Out of Stock,,
MONKEY GLUE,Aphria,Good Supply,3.5g (Case of 24),408.48,17.02,In Stock,21.99,29
MONKEY GLUE,Aphria,Good Supply,28g (Case of 12),1094.40,91.2,Out of Stock,119.99,32
MILK CHOCOLATE,Indiva,Legend,"1 x 10gMilk Chocolate
 (Case of 48)",132.00,2.75,In Stock,,
MAC 1 PRE ROLL,Experion,CITIZEN STASH,2 x 0.5g (Case of 24),280.80,11.7,In Stock,14.99,28
REDEE OUTLAW PRE-ROLL,Redecan,Redees,10 x 0.35g (Case of 30),465.90,15.53,In Stock,21.99,42
REDEE COLD CREEK KUSH PRE-ROLL,Redecan,Redees,10 x 0.35g (Case of 30),465.90,15.53,In Stock,21.99,42
REDEE WAPPA PRE-ROLL,Redecan,Redees,10 x 0.35g (Case of 30),465.90,15.53,In Stock,21.99,42
REDEE SHISHKABERRY PRE-ROLL,Redecan,Redees,10 x 0.35g (Case of 30),465.90,15.53,In Stock,,
SATIVA PAX POD,7ACRES,7ACRES,"1 x 0.5 g sweet citrus,pine,  spice
 (Case of 12)",344.28,28.69,In Stock,,
8 BALL KUSH,United Greeneries Ltd,18twelve,3.5g (Case of 24),778.56,32.44,In Stock,45.99,42
D3NALI SEEDS,PROGENYBIO,erbaceous,4 seeds (Case of 6),179.40,29.9,In Stock,39.99,34
WATERMELON ZKITTLEZ,Alberta Craft Cannabis,Tenzo,1g (Case of 30),257.40,8.58,In Stock,11.99,40
WATERMELON ZKITTLEZ,Alberta Craft Cannabis,Tenzo,3.5g (Case of 24),656.16,27.34,Out of Stock,36.99,35
WATERMELON ZKITTLEZ,Alberta Craft Cannabis,Tenzo,7g (Case of 12),562.32,46.86,Out of Stock,61.99,32
HEADBAND PRE-ROLL,Pure Sunfarms,Pure Sunfarms,3 x 0.5g (Case of 24),176.64,7.36,In Stock,,
HYBRID,Pure Sunfarms,Pure Sunfarms,28g (Case of 6),460.56,76.76,In Stock,,
CBD 25 REGULAR FORMULA,Medipharm Labs,MediPharm Labs,20 ml (Case of 12),369.48,30.79,In Stock,39.99,30
OUTLAW,Redecan,Redecan,1g (Case of 24),138.00,5.75,Out of Stock,7.99,39
OUTLAW,Redecan,Redecan,3.5g (Case of 24),483.12,20.13,In Stock,25.99,29
FIRESIDE X SHATTER - OG KUSH,Abcann,ABCANN MEDICINALS,1 x 1 g  (Case of 6),343.14,57.19,In Stock,,
FIRESIDE X SHATTER - GLUEBERRY,Abcann,ABCANN MEDICINALS,1 x 1 g  (Case of 6),343.14,57.19,In Stock,,
CHERRY BOMB,JC Green Cannabis,JC Green Cannabis Inc.,3.5g (Case of 36),978.12,27.17,In Stock,39.99,47
SATIVA,Pure Sunfarms,Pure Sunfarms,14g (Case of 6),258.78,43.13,In Stock,,
SATIVA,Pure Sunfarms,Pure Sunfarms,28g (Case of 6),460.56,76.76,In Stock,,
TINGLE DROPS,HEXO,VERYVELL,1 x 30 g  (Case of 12),479.88,39.99,In Stock,,
YAWN DROPS,HEXO,VERYVELL,1 x 30 g  (Case of 12),479.88,39.99,In Stock,,
EXHALE DROPS,HEXO,VERYVELL,1 x 30 g  (Case of 24),959.76,39.99,In Stock,,
JACK HAZE PRE-ROLL,Blissco,7ACRES,2 x 0.5g (Case of 24),158.40,6.6,In Stock,10.99,67
PACIFIC OG PRE-ROLL,Tantalus Labs,Tantalus Labs,3 x 0.5g (Case of 24),238.08,9.92,In Stock,,
EXTRA STRENGTH BODY CREAM,Delshen Therapeutics,Apothecanna,1 x 60 g  (Case of 12),213.96,17.83,In Stock,,
EXTRA STRENGTH BODY CREAM,Delshen Therapeutics,Apothecanna,1 x 236 g  (Case of 6),293.94,48.99,In Stock,,
LIMELIGHT PRE-ROLL,Organigram,Edison,3 x 0.5g (Case of 24),303.60,12.65,In Stock,16.99,34
CRAFT COLLECTIVE PINK KUSH,Blissco,7ACRES,3.5g (Case of 12),381.60,31.8,In Stock,41.99,32
FLICKER,Organigram,Trailblazer,3.5g (Case of 24),331.20,13.8,In Stock,,
DEALER'S PICK HYBRID,Aphria,Good Supply,3.5g (Case of 24),408.48,17.02,In Stock,22.99,35
NUKEN,Experion,CITIZEN STASH,3.5g (Case of 24),724.56,30.19,In Stock,28.99,-4
SUGARLEAF 1:5 OIL,Blissco,Blissco,30 ml (Case of 12),179.40,14.95,In Stock,19.99,34
CHERRY BURST,Highland Grow,Highland Grow,3.5g (Case of 12),379.08,31.59,Out of Stock,,
CHERRY BURST,Highland Grow,Highland Grow,1g (Case of 24),222.24,9.26,In Stock,,
WHITE LIGHTNING,Highland Grow,Highland Grow,3.5g (Case of 12),379.08,31.59,Out of Stock,,
WHITE LIGHTNING,Highland Grow,Highland Grow,1g (Case of 24),222.24,9.26,In Stock,,
DAYSHIFT,Aurora,Kingsway,3.5g (Case of 24),447.12,18.63,In Stock,,
BC MOUNTAIN BUBBLE HASH,Canna Farms,Canna Farms,1 x 1 g  (Case of 24),552.00,23.0,In Stock,,
OREGON GOLDEN GOAT,Sundial,Top Leaf,1g (Case of 24),224.88,9.37,Out of Stock,11.99,28
OREGON GOLDEN GOAT,Sundial,Top Leaf,3.5g (Case of 12),376.32,31.36,In Stock,39.99,28
BUBBA,Sundial,Top Leaf,1g (Case of 24),224.88,9.37,Out of Stock,11.99,28
BUBBA,Sundial,Top Leaf,3.5g (Case of 12),376.32,31.36,In Stock,39.99,28
PINK KUSH,Sundial,Top Leaf,1g (Case of 24),224.88,9.37,Out of Stock,,
PINK KUSH,Sundial,Top Leaf,3.5g (Case of 12),376.32,31.36,In Stock,,
CHEMDOG,Emerald Health Therapeutics,Emerald Health Therapeutics,3.5g (Case of 24),469.20,19.55,In Stock,32.99,69
WAYFARER AC/DC VAPORIZER CARTRIDGE,Medipharm Labs,MediPharm Labs,1 x 0.47 g  (Case of 12),361.20,30.1,In Stock,,
STRAWBERRY FIRE OG PRE-ROLL,Radicle Medical,Gage Cannabis Co,3 x 0.5g (Case of 24),360.24,15.01,In Stock,19.99,33
DARK CHOCOLATE,Indiva,Bhang,"1 x 10g Dark Chocolate
 (Case of 48)",132.00,2.75,In Stock,,
MILK CHOCOLATE,Indiva,Bhang,"1 x 10g Milk Chocolate
 (Case of 48)",132.00,2.75,In Stock,,
INDICA,Pure Sunfarms,Pure Sunfarms,14g (Case of 6),258.78,43.13,In Stock,,
INDICA,Pure Sunfarms,Pure Sunfarms,28g (Case of 6),460.56,76.76,Out of Stock,,
BLUE DREAM PRE-ROLL,Peace Naturals,Spinach,3 x 0.5g (Case of 24),242.64,10.11,In Stock,12.99,28
BLUE DREAM,Peace Naturals,Spinach,3.5g (Case of 24),462.96,19.29,In Stock,25.99,35
JUJU POWER 510 BATTERY,Canopy Growth Corporation,JUJU Power,Black (Case of 12),209.88,17.49,In Stock,,
SOLAR POWER PRE-ROLLS,Emblem,Symbl,4 x 0.5g (Case of 24),411.84,17.16,In Stock,,
PINK LEMONADE SEEDS,Anc Inc,34 Street Seed Co,4 seeds (Case of 6),200.04,33.34,In Stock,44.99,35
MARLEY GREEN PRE ROLLS,Tilray Canada,Marley Natural,3 x 0.5g (Case of 48),575.52,11.99,In Stock,17.99,50
MARLEY NATURAL RED VAPE CARTRIDGE,Tilray Canada,Marley Natural,1 x 0.5 g  (Case of 12),386.28,32.19,In Stock,,
MARLEY NATURAL BLACK VAPE CARTRIDGE,Tilray Canada,Marley Natural,1 x 0.5 g  (Case of 12),386.28,32.19,In Stock,,
MARLEY NATURAL GOLD VAPE CARTRIDGE,Tilray Canada,Marley Natural,1 x 0.5 g  (Case of 12),386.28,32.19,In Stock,,
OS.RESERVE INDICA BLEND,HEXO,HEXO,14g (Case of 12),666.24,55.52,In Stock,84.99,53
OS.RESERVE INDICA BLEND,HEXO,HEXO,7g (Case of 24),749.52,31.23,In Stock,49.99,60
OS.RESERVE INDICA BLEND,HEXO,HEXO,28g (Case of 12),1247.88,103.99,In Stock,139.99,35
DEALER'S PICK INDICA,Aphria,Good Supply,3.5g (Case of 24),408.48,17.02,In Stock,22.99,35
DEALER'S PICK INDICA,Aphria,Good Supply,15g (Case of 12),621.00,51.75,In Stock,69.99,35
DEALER'S PICK INDICA,Aphria,Good Supply,28g (Case of 12),993.60,82.8,In Stock,109.99,33
DEALER'S PICK SATIVA,Aphria,Good Supply,3.5g (Case of 24),408.48,17.02,In Stock,22.99,35
DEALER'S PICK SATIVA,Aphria,Good Supply,15g (Case of 12),621.00,51.75,In Stock,69.99,35
DEALER'S PICK SATIVA,Aphria,Good Supply,28g (Case of 12),993.60,82.8,Out of Stock,109.99,33
FLORIDA LEMONS PREFILLED VAPE CARTRIDGE,Sundial,Top Leaf,1 x 0.5 g Lemon (Case of 12),377.88,31.49,In Stock,44.99,43
SATIVA,Aurora,Daily Special,3.5g (Case of 24),369.36,15.39,In Stock,,
SATIVA,Aurora,Daily Special,7g (Case of 24),646.56,26.94,In Stock,,
SATIVA,Aurora,Daily Special,15g (Case of 12),646.68,53.89,In Stock,,
SATIVA,Aurora,Daily Special,28g (Case of 12),1108.68,92.39,In Stock,,
INDICA,Aurora,Daily Special,3.5g (Case of 24),369.36,15.39,In Stock,,
INDICA,Aurora,Daily Special,7g (Case of 24),646.56,26.94,In Stock,,
INDICA,Aurora,Daily Special,15g (Case of 12),646.68,53.89,In Stock,,
INDICA,Aurora,Daily Special,28g (Case of 12),1108.68,92.39,In Stock,99.99,8
LEMON & LIME CBD SPARKLING BEVERAGE,Tilray Canada,Everie,1 x 269 ml Lemon & Lime (Case of 24),84.48,3.52,In Stock,5.99,70
DRAGON FRUIT WATERMELON CBD BEVERAGE,Tilray Canada,Everie,1 x 269 ml Dragon Fruit Watermelon (Case of 24),84.48,3.52,In Stock,5.99,70
MANGO PASSIONFRUIT CBD SPAKLG BEVERAGE,Tilray Canada,Everie,1 x 269 ml Mango Passionfruit (Case of 24),84.48,3.52,In Stock,5.99,70
TWD INDICA,Canopy Growth Corporation,TWD,3.5g (Case of 12),184.68,15.39,In Stock,19.99,30
TWD INDICA,Canopy Growth Corporation,TWD,15g (Case of 6),323.34,53.89,In Stock,69.99,30
TWD INDICA,Canopy Growth Corporation,TWD,7g (Case of 12),323.28,26.94,In Stock,34.99,30
TWD INDICA,Canopy Growth Corporation,TWD,28g (Case of 6),554.34,92.39,In Stock,119.99,30
GLOW CARTRIDGE,Organigram,Trailblazer,"1 x 0.5 g Cherry, Sour & Earthy Tones
 (Case of 12)",296.76,24.73,In Stock,,
FLICKER CARTRIDGE,Organigram,Trailblazer,"1 x 0.5 g Grape, Blueberry
 (Case of 12)",296.76,24.73,Out of Stock,,
FLICKER CARTRIDGE,Organigram,Trailblazer,"1 x 1 g Grape, Blueberry
 (Case of 6)",276.00,46.0,In Stock,,
SPARK CARTRIDGE,Organigram,Trailblazer,"1 x 0.5 g Mango, Pineapple, Tropical
 (Case of 12)",296.76,24.73,In Stock,,
SPARK CARTRIDGE,Organigram,Trailblazer,"1 x 1 g Mango, Pineapple, Tropical
 (Case of 6)",276.00,46.0,In Stock,,
THIN MINT PRE-ROLL,WEED ME,WEED ME,3 x 0.5g (Case of 24),331.20,13.8,In Stock,,
STRAWBERRY FIRE OG,Radicle Medical,Gage Cannabis Co,3.5g (Case of 24),724.56,30.19,In Stock,38.99,29
PAX ULTRA SOUR VAPE CARTRIDGE,Zenabis Ltd,Namaste,"1 x 0.5 g Citrus
 (Case of 12)",333.84,27.82,In Stock,,
PAX ERA CITRIQUE VAPE CARTRIDGE,Zenabis Ltd,Namaste,"1 x 0.5 g Floral
 (Case of 12)",333.84,27.82,In Stock,,
PAX D. BUBBA VAPE CARTRIDGE,Zenabis Ltd,Namaste,"1 x 0.5 g sweet
 (Case of 12)",333.84,27.82,In Stock,,
REFLECT SS CARTRIDGE,Peace Naturals,COVE,1 x 0.5 ml  (Case of 12),266.40,22.2,In Stock,,
WHITE RHINO PRE-ROLL,Pure Sunfarms,Pure Sunfarms,3 x 0.5g (Case of 24),176.64,7.36,In Stock,9.99,36
PAX ERA,Pax Labs,PAX Labs,Slate (Case of 6),164.22,27.37,In Stock,39.99,46
COVE BATTERY PACK,Peace Naturals,COVE,1017904 (Case of 12),89.76,7.48,In Stock,9.99,34
SPINACH BATTERY PACK,Peace Naturals,SPINACH,1017995 (Case of 12),89.76,7.48,In Stock,9.99,34
MULTI-PURPOSE BALM,Beleave Kannabis,Compliance Brand,1 x 7 g  (Case of 12),120.24,10.02,In Stock,,
CHOWIE WOWIE THC WATERMELON GUMMIES,Tilray Canada,CHOWIE WOWIE,4 x 2.5 g WATERMELON (Case of 12),43.56,3.63,In Stock,4.99,37
THC SOLID MILK CHOCOLATE,Tilray Canada,CHOWIE WOWIE,1 x 16g CHOCOLATE (Case of 12),31.20,2.6,In Stock,4.99,92
SOLID THC/CBD MILK CHOCOLATE,Tilray Canada,CHOWIE WOWIE,1 x 16g CHOCOLATE (Case of 12),31.20,2.6,In Stock,4.99,92
PINEAPPLE MANGO GUMMIES,Tilray Canada,CHOWIE WOWIE,4 x 2.5 g Pineapple Mango (Case of 12),43.56,3.63,In Stock,4.99,37
CBD DARK CHOCOLATE,Tilray Canada,CHOWIE WOWIE,1 x 16g CHOCOLATE (Case of 12),31.20,2.6,In Stock,4.99,92
LAVENDER CHAMOMILE CBD TEA 3 PACK,Tilray Canada,Everie,"3 x 3 g Lavender Chamomile
 (Case of 24)",269.04,11.21,In Stock,,
VANILLA ROOIBOS CBD TEA 3 PACK,Tilray Canada,Everie,"3 x 3 g Vanilla Rooibos
 (Case of 24)",269.04,11.21,In Stock,,
PEACH GINGER GREEN CBD TEA (DECAF) 3 PK,Tilray Canada,Everie,3 x 3 g Peach Ginger (Case of 24),269.04,11.21,In Stock,14.99,34
RESTFUL CHAMOMILE TEA,TGOD,TGOD,"4 x 1.5 g APPLE AND FLORAL SWEETENSS, LAVENDER AND CINNAMON  (Case of 12)",166.32,13.86,In Stock,,
ZEN GREEN SENCHA TEA,TGOD,TGOD,"10 x 1.5 g SENCHA, TULSI, SPINACH, MORINGA, LIQUORICE (Case of 12)",332.76,27.73,In Stock,44.99,62
DISSOLVABLE THC:CBD POWDER,TGOD,Ripple by TGOD,4 x 0.45 g  (Case of 24),209.76,8.74,In Stock,,
DISSOLVABLE CBD POWDER,TGOD,Ripple by TGOD,4 x 0.45 g  (Case of 24),216.96,9.04,In Stock,,
DISSOLVABLE THC POWDER,TGOD,Ripple by TGOD,1 x 0.45 g  (Case of 24),84.96,3.54,In Stock,,
DISSOLVABLE THC POWDER,TGOD,Ripple by TGOD,2 x 0.45 g  (Case of 24),113.28,4.72,In Stock,,
DISSOLVABLE THC POWDER,TGOD,Ripple by TGOD,4 x 0.45 g  (Case of 24),211.44,8.81,Out of Stock,,
NO. 250 RESET TEA,TerrAscend,Haven St. Premium Cannabis,"1 x 3.8 g Berries, apple, cranberry
 (Case of 12)",56.16,4.68,In Stock,,
NO. 150 PEACE TEA,TerrAscend,Haven St. Premium Cannabis,"1 x 3.8 g Green tea, cherry, peach, rose, and jasmine
 (Case of 12)",56.16,4.68,In Stock,,
NO. 550 RISE TEA,TerrAscend,Haven St. Premium Cannabis,"1 x 3.8 g Berry, raspberry, lemon
 (Case of 12)",56.16,4.68,In Stock,,
NO. 450 DRIFT TEA,TerrAscend,Haven St. Premium Cannabis,"1 x 3.8 g Chocolate, fruity rooibos
 (Case of 12)",56.16,4.68,In Stock,,
NO. 350 FOCUS TEA,TerrAscend,Haven St. Premium Cannabis,"1 x 3.8 g Bergamot, vanilla
 (Case of 12)",56.16,4.68,In Stock,,
BYTE TRUFFLE - MILK CHOCOLATE (DUO PACK),Organigram,Edison,2 x 12g MILK CHOCOLATE (Case of 24),115.92,4.83,In Stock,9.99,107
RE:MIX THC DISSOLVING POWDER,Organigram,Edison,2 x 2 g FLAVOURLESS (Case of 12),45.60,3.8,In Stock,5.99,58
RE:MIX CBD DISSOLVING POWDER,Organigram,Edison,5 x 2 g FLAVOURLESS (Case of 12),124.20,10.35,In Stock,14.99,45
RE:MIX THC/CBD DISSOLVING POWDER,Organigram,Edison,2 x 2 g FLAVOURLESS (Case of 12),75.24,6.27,In Stock,8.99,43
CHOCOLATE SNAX MINT BAR,Organigram,Trailblazer,"1 x 42g Chocolate, Mint
 (Case of 24)",81.36,3.39,In Stock,,
MARLEY NATURAL GREEN VAPE CARTRIDGE,Tilray Canada,Marley Natural,1 x 0.5 g  (Case of 12),386.28,32.19,In Stock,,
THC DISTILLATE VAPE CART,Tilray Canada,Canaca,1 x 0.5 g  (Case of 12),281.40,23.45,In Stock,,
THC DISTILLATE VAPE CART,Tilray Canada,Canaca,1 x 1 g  (Case of 12),522.48,43.54,In Stock,,
THC DISTILLATE VAPE PEN,Tilray Canada,Canaca,1 x 0.5 g RED (Case of 12),318.60,26.55,In Stock,43.99,66
UNITE VAPE CARTRIDGE,TGOD,TGOD,1 x 0.5 g  (Case of 24),673.44,28.06,In Stock,,
STRAWBERRY CREAM PREFILLED CARTRIDGE,Sundial,Top Leaf,1 x 0.5 g  (Case of 12),377.88,31.49,In Stock,,
JAGER OG PREFILLED VAPE CARTRIDGE,Sundial,Top Leaf,1 x 0.5 g  (Case of 12),377.88,31.49,In Stock,,
CALM ZEN BERRY PREFILLED VAPE CARTRIDGE,Sundial,Sundial,1 x 0.5 g  (Case of 12),277.08,23.09,In Stock,,
LIFT LEMON RIOT PREFILLED VAPE CARTRIDGE,Sundial,Sundial,1 x 0.5 g  (Case of 12),310.68,25.89,In Stock,,
LIFT CITRUS PUNCH PREFILLED CARTRIDGE,Sundial,Sundial,1 x 0.5 g  (Case of 12),294.00,24.5,In Stock,,
FLOW DAYDREAM PREFILLED VAPE CARTRIDGE,Sundial,Sundial,1 x 0.5 g  (Case of 12),310.68,25.89,In Stock,,
BLUEBERRY OG STARTER KIT,Beleave Kannabis,FLYTE,1 x 0.5 g SILVER (Case of 12),210.00,17.5,In Stock,,
SOUR DIESEL STARTER KIT,Beleave Kannabis,FLYTE,1 x 0.5 g SILVER (Case of 12),210.00,17.5,In Stock,,
RAINBOW ZEN CARTRIDGE,Beleave Kannabis,FLYTE,1 x 0.5 g  (Case of 12),180.00,15.0,Out of Stock,,
SUNSET SONATA CARTRIDGE,Beleave Kannabis,FLYTE,1 x 0.5 g  (Case of 12),180.00,15.0,In Stock,,
FIGR TERPENE 510 VAPE CARTRIDGE,Canada's Island Garden,FIGR,1 x 0.25 g HERBAL (Case of 12),102.00,8.5,In Stock,,
FIGR CITRUS 510 VAPE CARTRIDGE,Canada's Island Garden,FIGR,1 x 0.25 g CITRUS (Case of 12),102.00,8.5,In Stock,,
SATIVA CARTRIDGE,Dosecann,Kolab Project,1 x 0.5 g  (Case of 12),329.52,27.46,In Stock,,
SATIVA CARTRIDGE,Dosecann,Kolab Project,1 x 1 g  (Case of 12),586.92,48.91,In Stock,,
INDICA 0.5 CARTRIDGE,Dosecann,Kolab Project,1 x 0.5 g  (Case of 12),329.52,27.46,In Stock,,
HYBRID 0.5 CARTRIDGE,Dosecann,Kolab Project,1 x 0.5 g  (Case of 12),329.52,27.46,In Stock,,
GCG CARTRIDGE,Beleave Kannabis,FLYTE,1 x 0.5 g  (Case of 12),180.00,15.0,In Stock,,
CBD 0.5 DISPOSABLE PEN,Dosecann,Kolab Project,1 x 0.5 g  (Case of 12),437.52,36.46,In Stock,,
SATIVA 0.5 CARTRIDGE,Dosecann,Foray,1 x 0.5 g  (Case of 12),289.44,24.12,In Stock,,
REDEE 510 CARTRIDGE SATIVA,Redecan,Redecan,1 x 0.45 g  (Case of 24),524.40,21.85,In Stock,,
INDICA 0.5 VAPE CARTRIDGE,Dosecann,Foray,1 x 0.5 g  (Case of 12),289.44,24.12,In Stock,,
REDEE DISPOSABLE PEN SATIVA,Redecan,Redecan,"1 x 0.35 g Black
 (Case of 24)",634.80,26.45,In Stock,,
BALANCED 0.5 CARTRIDGE,Dosecann,Foray,1 x 0.5 g  (Case of 12),289.44,24.12,In Stock,,
REDEE 510 CARTRIDGE INDICA,Redecan,Redecan,1 x 0.45 g  (Case of 24),524.40,21.85,In Stock,,
SUPER CITRUS HAZE VAPE CARTRIDGE,Delshen Therapeutics,Avitas by 48North,"1 x 0.5 g Citrus, Black Pepper, Cloves
 (Case of 12)",335.88,27.99,In Stock,,
WHITE WIDOW CARTRIDGE,Peace Naturals,SPINACH,1 x 0.5 ml  (Case of 12),243.12,20.26,In Stock,,
ROCKSTAR KUSH CARTRIDGE,Peace Naturals,SPINACH,1 x 0.5 ml  (Case of 12),243.12,20.26,In Stock,,
ORIGINAL GC CARTRIDGE,Peace Naturals,SPINACH,1 x 0.5 ml  (Case of 12),243.12,20.26,In Stock,,
DIESEL SS CARTRIDGE,Peace Naturals,SPINACH,1 x 0.5 g  (Case of 12),243.12,20.26,In Stock,,
RISE SS CARTRIDGE,Peace Naturals,COVE,1 x 0.5 g  (Case of 12),266.40,22.2,In Stock,,
REVIVE SS CARTRIDGE,Peace Naturals,COVE,1 x 0.5 ml  (Case of 12),266.40,22.2,In Stock,,
REST SS CARTRIDGE,Peace Naturals,COVE,1 x 0.5 ml  (Case of 12),266.40,22.2,In Stock,,
SUPER LEMON DISTILLATE CARTRIDGE,CannMart,PHYTO,1 x 0.5 g SUPER LEMON (Case of 12),262.20,21.85,In Stock,,
VAPE STARTER PACK - TANGERINE DREAM,MedReleaf,San Rafael '71,1 x 0.3 g AMBER (Case of 12),333.00,27.75,In Stock,,
LIVE ROSIN,Canna Farms,Canna Farms,0.5 ml (Case of 24),839.76,34.99,In Stock,,
HASH ROSIN,Canna Farms,Canna Farms,0.5g (Case of 24),755.76,31.49,In Stock,,
BUBBLE HASH,Canna Farms,Canna Farms,1 x 1 g  (Case of 24),671.76,27.99,In Stock,,
KIEF DRY SIFT,Canna Farms,Canna Farms,1 x 1 g  (Case of 24),419.76,17.49,In Stock,,
PAX LA CONFIDENTIAL,Aurora,AURORA DRIFT,1 x 0.5 g  (Case of 12),378.00,31.5,In Stock,,
VAPE STARTER PACK - SATIVA BLEND,Aurora,AURORA DRIFT,1 x 0.3 g AMBER (Case of 12),323.52,26.96,In Stock,,
VAPE CARTRIDGE - INDICA BLEND,Aurora,AURORA DRIFT,1 x 0.3 g  (Case of 12),221.64,18.47,In Stock,,
VAPE CARTRIDGE - SATIVA BLEND,Aurora,AURORA DRIFT,1 x 0.3 g  (Case of 12),221.64,18.47,In Stock,,
VAPE DISPOSABLE PEN - SATIVA BLEND,Aurora,AURORA DRIFT,1 x 0.15 g  (Case of 12),195.60,16.3,In Stock,,
VAPE CARTRIDGE -  PINK KUSH,MedReleaf,San Rafael '71,1 x 0.3 g  (Case of 12),238.08,19.84,In Stock,,
BALANCE-PAX-ERA CARTRIDGE,Aphria,Solei,1 x 0.5 g  (Case of 12),330.84,27.57,In Stock,,
VAPE CARTRIDGE - TANGERINE DREAM,MedReleaf,San Rafael '71,1 x 0.3 g  (Case of 12),238.08,19.84,In Stock,,
BALANCE-510 CARTRIDGE,Aphria,Solei,1 x 0.5 g  (Case of 12),330.48,27.54,In Stock,,
UNPLUG-PAX-ERA CARTRIDGE,Aphria,Solei,1 x 0.5 g  (Case of 12),330.84,27.57,In Stock,,
VAPE DISPOSABLE PEN - TANGERINE DREAM,MedReleaf,San Rafael '71,1 x 0.15 g  (Case of 12),196.92,16.41,In Stock,,
JEAN GUY X SUPER LEMON HAZE-PAX-ERA CTGE,Aphria,Riff,1 x 0.5 g  (Case of 12),372.24,31.02,In Stock,,
GRAND DADDY PURPS X SOUR KUSH - PAX ERA,Aphria,Riff,1 x 0.5 g  (Case of 12),372.24,31.02,In Stock,,
WAYFARER SATIVA BLUE DREAM VAPR CARTRDGE,Medipharm Labs,MediPharm Labs,1 x 0.47 g Blue Dream Blend (Botanically derived) (Case of 12),361.20,30.1,In Stock,,
PINEAPPLE EXPRESS 510 CARTRIDGE,Aphria,Good Supply,1 x 0.5 g  (Case of 12),305.64,25.47,In Stock,,
PINEAPPLE EXPRESS 510 CARTRIDGE,Aphria,Good Supply,1 x 1 g  (Case of 12),455.28,37.94,Out of Stock,,
BLUE DREAM 510 CARTRIDGE,Aphria,Good Supply,1 x 0.5 g  (Case of 12),305.64,25.47,In Stock,,
WAYFARER INDICA NORTHERN LIGHTS CARTRDGE,Medipharm Labs,MediPharm Labs,1 x 0.47 g  (Case of 12),361.20,30.1,In Stock,,
FIRESIDE BLAZE HIGH THC CARTRIDGE,Abcann,ABCANN MEDICINALS,1 x 0.5 g  (Case of 20),621.00,31.05,In Stock,,
LITTLE VICTORY SPARKLING DARK CHERRY,HEXO,HEXO,"1 x 355 ml Dark Cherry
 (Case of 12)",40.92,3.41,In Stock,,
LITTLE VICTORY SPARKLING BLOOD ORANGE,HEXO,HEXO,"1 x 355 ml Blood Orange
 (Case of 12)",40.92,3.41,In Stock,,
XMG MANGO PINEAPPLE,HEXO,HEXO,"1 x 236 ml Mango Pineapple
 (Case of 12)",59.04,4.92,In Stock,,
XMG TROPICAL FRUIT,HEXO,HEXO,"1 x 236 ml Tropical Fruit
 (Case of 12)",59.04,4.92,In Stock,,
MOLLO 5,HEXO,HEXO,"1 x 355 ml Malt
 (Case of 12)",40.32,3.36,In Stock,,
VERYVELL LEMON BLACK ICED TEA,HEXO,HEXO,"1 x 355 ml Lemon Black Iced Tea
 (Case of 12)",39.60,3.3,In Stock,,
VERYVELL SICILIAN LEMON SPARKLING WATER,HEXO,HEXO,"1 x 355 ml Sicilian Lemon
 (Case of 12)",40.92,3.41,In Stock,,
SALTED CARAMEL CHOCOLATE SQUARE,Dosecann,Foray,1 x 10g  (Case of 12),41.28,3.44,In Stock,,
RASPBERRY VANILLA CHEWS 2 PC,Dosecann,Foray,2 x 5 g  (Case of 12),44.52,3.71,In Stock,,
PEACH MANGO CHEWS 2 PC,Dosecann,Foray,2 x 5 g  (Case of 12),44.52,3.71,In Stock,,
PAUSE DARK MILK CHOCOLATE 5 PC,Canopy Growth Corporation,Tokyo Smoke,"5 x 6.4g Dark Milk Chocolate
 (Case of 12)",55.32,4.61,In Stock,,
BAKERSTREET & GINGER,Canopy Growth Corporation,TWEED,"1 x 355 ml Bakerstreet Terpenes & Ginger Ale
 (Case of 12)",28.80,2.4,In Stock,,
HOUNDSTOOTH & SODA,Canopy Growth Corporation,TWEED,"1 x 355 ml Houndstooth Terpenes & Soda Water
 (Case of 12)",28.80,2.4,In Stock,,
DEEP SPACE CARBONATED DRINK,Canopy Growth Corporation,DEEP SPACE,"1 x 222 ml Bold & Mysterious
 (Case of 12)",57.72,4.81,In Stock,,
LEMON SPARKLING WATER,Canopy Growth Corporation,HOUSEPLANT,"1 x 355 ml Lemon
 (Case of 12)",23.40,1.95,In Stock,,
GRAPEFRUIT SPARKLING WATER,Canopy Growth Corporation,HOUSEPLANT,"1 x 355 ml Grapefruit
 (Case of 12)",23.40,1.95,In Stock,,
CUCUMBER + MINT,Canopy Growth Corporation,QUATREAU,"1 x 355 ml Cucumber & Mint
 (Case of 12)",32.40,2.7,In Stock,,
HOUNDSTOOTH & MOCHA MILK CHOCOLATE,Canopy Growth Corporation,TWEED,"4 x 8g Milk Chocolate & Mocha
 (Case of 12)",46.08,3.84,In Stock,,
PASSIONFRUIT + GUAVA,Canopy Growth Corporation,QUATREAU,"1 x 355 ml Passionfruit & Guava
 (Case of 12)",32.40,2.7,In Stock,,
FIRESIDE MILK CHOCOLATE DUO,Canna Farms,FIRESIDE,2 x 12g Milk Chocolate (Case of 24),117.36,4.89,In Stock,,
FIRESIDE DARK CHOCOLATE SALTED CARAMEL,Canna Farms,FIRESIDE,"2 x 12g Dark Chocolate, Caramel, Sea Salt (Case of 24)",117.36,4.89,In Stock,,
PEACH SERENE GUMMIES,Aurora,AURORA DRIFT,5 x 4.3 g PEACH (Case of 12),92.28,7.69,In Stock,9.99,30
SOFT BAKED CHOCOLATE COOKIES,Aurora,AURORA DRIFT,2 x 36.5 g Chocolate (Case of 24),201.60,8.4,In Stock,11.99,43
CHOCOLATE CARAMEL HALF SPHERES,Aurora,AURORA DRIFT,"5 x 8.6g CHOCOLATE, CARAMEL (Case of 12)",125.88,10.49,In Stock,,
SEA SALT & CARAMEL MILK CHOCOLATE,Aurora,AURORA DRIFT,"5 x 5g SEA SALT, CARAMEL, MILK CHOCOLATE (Case of 12)",67.08,5.59,In Stock,7.99,43
SPEARMINT CHILLERS MINTS,Aurora,AURORA DRIFT,5 x 0.6 g SPEARMINT (Case of 12),58.68,4.89,In Stock,8.99,84
PEPPERMINT CHILLERS,Aurora,AURORA DRIFT,5 x 0.6 g PEPPERMINT (Case of 12),58.68,4.89,In Stock,8.99,84
CBD TRANSDERMAL CREAM,United Greeneries Ltd,Liv Relief,1 x 50 g  (Case of 12),414.00,34.5,In Stock,,
BAKERSTREET & PEPPERMINT MLK CHOCOLATE,Canopy Growth Corporation,TWEED,"4 x 8gMilk Chocolate & Peppermint
 (Case of 12)",46.08,3.84,In Stock,,
GEMS 5:5,Redecan,Redecan,30 capsules (Case of 24),579.60,24.15,Out of Stock,27.97,16
GEMS 5:5,Redecan,Redecan,15 capsules (Case of 24),358.80,14.95,In Stock,19.99,34
MAC 1,Experion,CITIZEN STASH,3.5g (Case of 24),935.04,38.96,In Stock,49.99,28
CHERRY PUNCH,Alberta Craft Cannabis,BLKMKT,1g (Case of 30),304.20,10.14,In Stock,13.99,38
CHERRY PUNCH,Alberta Craft Cannabis,BLKMKT,3.5g (Case of 24),805.92,33.58,In Stock,43.99,31
CHERRY PUNCH,Alberta Craft Cannabis,BLKMKT,7g (Case of 12),702.96,58.58,In Stock,76.99,31
NEBULA,HEXO,HEXO,3.5g (Case of 24),453.36,18.89,In Stock,23.99,27
LEMON Z PRE-ROLL,WEED ME,WEED ME,3 x 0.5g (Case of 24),331.20,13.8,In Stock,,
LA STRADA PRE-ROLL,Organigram,Edison,1 x 0.5g (Case of 48),204.48,4.26,Out of Stock,4.97,17
LA STRADA PRE-ROLL,Organigram,Edison,3 x 0.5g (Case of 24),276.00,11.5,In Stock,14.99,30
LIMELIGHT,Organigram,Edison,3.5g (Case of 24),634.80,26.45,In Stock,38.99,47
LIMELIGHT,Organigram,Edison,1g (Case of 24),186.24,7.76,In Stock,11.99,55
LIMELIGHT,Organigram,Edison,7g (Case of 12),571.32,47.61,In Stock,61.99,30
EL DORADO PRE-ROLL,Organigram,Edison,3 x 0.5g (Case of 24),276.00,11.5,In Stock,14.99,30
BUBBA KUSH,Canna Farms,Canna Farms,3.5g (Case of 12),350.28,29.19,In Stock,59.99,106
JACK HAZE,7ACRES,7ACRES,3.5g (Case of 24),431.76,17.99,In Stock,,
PUR DEW CBD OIL,Blissco,Blissco,30ml (Case of 12),403.68,33.64,In Stock,,
TWD SATIVA,Canopy Growth Corporation,TWD,3.5g (Case of 12),184.68,15.39,In Stock,19.99,30
TWD SATIVA,Canopy Growth Corporation,TWD,15g (Case of 6),323.34,53.89,In Stock,69.99,30
TWD SATIVA,Canopy Growth Corporation,TWD,7g (Case of 12),323.28,26.94,In Stock,34.99,30
TWD SATIVA,Canopy Growth Corporation,TWD,28g (Case of 6),554.34,92.39,In Stock,119.99,30
HOUSEPLANT INDICA PRE-ROLL,Canopy Growth Corporation,HOUSEPLANT,2 x 0.5g (Case of 48),480.48,10.01,In Stock,13.99,40
HOUSEPLANT INDICA PRE-ROLL,Canopy Growth Corporation,HOUSEPLANT,5 x 0.5g (Case of 24),591.12,24.63,In Stock,31.99,30
HOUSEPLANT SATIVA PRE-ROLL,Canopy Growth Corporation,HOUSEPLANT,2 x 0.5g (Case of 48),480.48,10.01,In Stock,13.99,40
HOUSEPLANT SATIVA PRE-ROLL,Canopy Growth Corporation,HOUSEPLANT,5 x 0.5g (Case of 24),591.12,24.63,In Stock,31.99,30
D. BUBBA,Zenabis Ltd,Namaste,1g (Case of 48),276.48,5.76,In Stock,,
D. BUBBA,Zenabis Ltd,Namaste,3.5g (Case of 48),904.80,18.85,In Stock,,
D. BUBBA,Zenabis Ltd,Namaste,7g (Case of 12),415.56,34.63,Out of Stock,,
WAPPA,Zenabis Ltd,Namaste,1g (Case of 12),55.32,4.61,In Stock,9.99,117
WAPPA,Zenabis Ltd,Namaste,3.5g (Case of 12),131.88,10.99,Out of Stock,32.99,200
WAPPA,Zenabis Ltd,Namaste,7g (Case of 12),350.88,29.24,Out of Stock,,
QUINTS PRE-ROLL,Tilray Canada,The Batch,5 x 0.5g (Case of 48),735.84,15.33,In Stock,,
HEADBAND,Pure Sunfarms,Pure Sunfarms,1g (Case of 24),113.76,4.74,Out of Stock,,
HEADBAND,Pure Sunfarms,Pure Sunfarms,3.5g (Case of 24),405.84,16.91,In Stock,,
HEADBAND,Pure Sunfarms,Pure Sunfarms,7g (Case of 12),368.52,30.71,In Stock,,
ISLAND HONEY,Pure Sunfarms,Pure Sunfarms,1g (Case of 24),113.76,4.74,Out of Stock,5.97,26
ISLAND HONEY,Pure Sunfarms,Pure Sunfarms,3.5g (Case of 24),405.84,16.91,In Stock,21.99,30
ISLAND HONEY,Pure Sunfarms,Pure Sunfarms,7g (Case of 12),368.52,30.71,Out of Stock,39.99,30
ROCKSTAR KUSH,Peace Naturals,SPINACH,3.5g (Case of 24),462.96,19.29,In Stock,25.99,35
ROCKSTAR KUSH,Peace Naturals,SPINACH,7g (Case of 12),432.36,36.03,In Stock,47.99,33
WHITE WIDOW,Peace Naturals,SPINACH,3.5g (Case of 24),462.96,19.29,In Stock,25.99,35
WHITE WIDOW,Peace Naturals,SPINACH,7g (Case of 12),432.36,36.03,Out of Stock,47.99,33
NORTHERN DEW OIL,Tilray Canada,Canaca,20 ml (Case of 12),303.48,25.29,In Stock,32.99,30
CBD SOFTGELS 20MG,Canopy Growth Corporation,Tweed,15 capsules (Case of 24),737.20,30.72,In Stock,36.99,20
NO. 407 SAPPHIRE DAZE PRE-ROLL,TerrAscend,Haven St.,1 x 0.5g (Case of 36),136.80,3.8,In Stock,4.99,31
NO. 407 SAPPHIRE DAZE PRE-ROLL,TerrAscend,Haven St.,5 x 0.5g (Case of 16),358.88,22.43,Out of Stock,29.99,34
SKY PILOT PRE-ROLL,Tantalus Labs,Tantalus Labs,3 x 0.5g (Case of 24),238.08,9.92,In Stock,,
SKY PILOT,Tantalus Labs,Tantalus Labs,3.5g (Case of 18),440.46,24.47,In Stock,,
SATIVA PRE-ROLL,Canopy Growth Corporation,TWD,1 x 1g (Case of 48),221.28,4.61,In Stock,7.99,73
SATIVA PRE-ROLL,Canopy Growth Corporation,TWD,12 x 0.5g (Case of 12),314.88,26.24,Out of Stock,34.99,33
INDICA PRE-ROLL,Canopy Growth Corporation,TWD,1 x 1g (Case of 48),221.28,4.61,In Stock,,
INDICA PRE-ROLL,Canopy Growth Corporation,TWD,12 x 0.5g (Case of 12),314.88,26.24,Out of Stock,,
SUNSET PRE-ROLL,Canopy Growth Corporation,LBS,5 x 0.5g (Case of 24),461.76,19.24,In Stock,,
BAKERSTREET PRE-ROLL,Canopy Growth Corporation,Tweed,1 x 1g (Case of 48),332.16,6.92,In Stock,9.99,44
BAKERSTREET PRE-ROLL,Canopy Growth Corporation,Tweed,5 x 0.5g (Case of 24),406.32,16.93,In Stock,24.99,48
GEMS 5:0,Redecan,Redecan,15 capsules (Case of 24),189.06,7.88,In Stock,11.99,52
CINDY JACK PRE-ROLL,WEED ME,WEED ME,3 x 0.5g (Case of 24),331.20,13.8,In Stock,,
CINDY JACK PRE-ROLL,WEED ME,WEED ME,2 x 0.5g (Case of 24),220.80,9.2,Out of Stock,,
PINK KUSH SOFTGEL,MedReleaf,San Rafael '71,30 capsules (Case of 12),454.02,37.84,In Stock,49.99,32
HOUSEPLANT INDICA,Canopy Growth Corporation,HOUSEPLANT,3.5g (Case of 12),346.80,28.9,Out of Stock,,
HOUSEPLANT INDICA,Canopy Growth Corporation,HOUSEPLANT,7g (Case of 12),636.00,53.0,In Stock,,
WHITE SHARK,WeedMD,Color Cannabis,3.5g (Case of 18),393.30,21.85,In Stock,,
MANGO HAZE,WeedMD,Color Cannabis,3.5g (Case of 18),393.30,21.85,Out of Stock,,
GHOST TRAIN HAZE,WeedMD,Color Cannabis,3.5g (Case of 18),393.30,21.85,In Stock,,
CANACA 14 PRE-ROLL,Tilray Canada,Canaca,3 x 0.5g (Case of 48),455.52,9.49,In Stock,,
CANACA 19 PRE-ROLL,Tilray Canada,Canaca,3 x 0.5g (Case of 48),523.20,10.9,In Stock,13.99,28
DREAM,Tweed,DOJA,1g (Case of 24),172.50,7.19,Out of Stock,8.99,25
DREAM,Tweed,DOJA,3.5g (Case of 12),289.80,24.15,In Stock,31.99,32
DREAM,Tweed,DOJA,7g (Case of 12),538.06,44.84,Out of Stock,57.99,29
CHOCOLATE FONDUE,Canopy Growth Corporation,DNA Genetics,1g (Case of 24),188.88,7.87,In Stock,10.99,40
CHOCOLATE FONDUE,Canopy Growth Corporation,DNA Genetics,3.5g (Case of 12),314.04,26.17,In Stock,33.99,30
CHOCOLATE FONDUE,Canopy Growth Corporation,DNA Genetics,7g (Case of 12),577.20,48.1,In Stock,69.99,46
GREEN CUSH PRE-ROLLS,Blissco,Blissco,1 x 0.5g (Case of 48),372.60,7.76,Out of Stock,,
GREEN CUSH PRE-ROLLS,Blissco,Blissco,2 x 0.5g (Case of 24),156.00,6.5,In Stock,,
JEAN GUY,Aphria,Good Supply,1g (Case of 48),254.88,5.31,Out of Stock,,
JEAN GUY,Aphria,Good Supply,3.5g (Case of 24),444.36,18.52,Out of Stock,,
JEAN GUY,Aphria,Good Supply,28g (Case of 12),1094.40,91.2,Out of Stock,,
HIGH THC,Emblem,Symbl,30 ml (Case of 12),268.68,22.39,In Stock,34.99,56
HIGH CBD OIL,Emblem,Symbl,30 ml (Case of 12),265.68,22.14,In Stock,34.99,58
CBD OIL,Organigram,Edison,25 ml (Case of 24),607.20,25.3,In Stock,,
BLUE DREAM,Canna Farms,Canna Farms,3.5g (Case of 12),350.52,29.21,In Stock,,
GSC,Canna Farms,Canna Farms,3.5g (Case of 12),350.52,29.21,In Stock,36.99,27
CALI-O,Maricann,Kiwi,1g (Case of 12),58.65,4.89,Out of Stock,6.99,43
CALI-O,Maricann,Kiwi,3.5g (Case of 12),200.45,16.7,In Stock,21.99,32
CALI-O,Maricann,Kiwi,7g (Case of 6),193.20,32.2,Out of Stock,41.99,30
BALANCED OIL,Maricann,Kiwi Cannabis,20 ml (Case of 8),196.42,24.55,In Stock,31.99,30
FORTE OIL,Maricann,Northern Harvest,20 ml (Case of 8),147.28,18.41,In Stock,,
REIGN DROPS 30:0,Redecan,Redecan,30ml (Case of 24),690.00,28.75,In Stock,,
REIGN DROPS 30:0,Redecan,Redecan,40 ml (Case of 24),800.40,33.35,Out of Stock,42.99,29
PINK KUSH,Canna Farms,Canna Farms,3.5g (Case of 12),350.52,29.21,In Stock,,
REST OIL,Peace Naturals,Cove,20 ml (Case of 12),377.16,31.43,In Stock,,
PINK KUSH PRE-ROLL,Canna Farms,Canna Farms,1 x 1g (Case of 50),531.88,10.64,In Stock,,
RISE PRE-ROLL,Peace Naturals,Cove,1 x 1g (Case of 24),178.56,7.44,In Stock,,
RISE PRE-ROLL,Peace Naturals,Cove,3 x 0.5g (Case of 24),248.40,10.35,In Stock,,
THC ORAL SPRAY,Aphria,Riff,15 ml (Case of 12),293.94,24.5,In Stock,31.99,31
THC SATIVA LANDRACE,THC BioMed,THC BioMed,1g (Case of 48),231.84,4.83,Out of Stock,6.99,45
THC SATIVA LANDRACE,THC BioMed,THC BioMed,3.5g (Case of 48),772.80,16.1,In Stock,20.99,30
THC SATIVA LANDRACE,THC BioMed,THC BioMed,7g (Case of 12),367.08,30.59,In Stock,39.99,31
GOD BUD,Redecan,Redecan,1g (Case of 24),138.00,5.75,In Stock,7.99,39
GOD BUD,Redecan,Redecan,3.5g (Case of 24),483.00,20.12,In Stock,25.99,29
GOD BUD,Redecan,Redecan,7g (Case of 12),458.85,38.24,In Stock,48.99,28
GOD BUD,Redecan,Redecan,15g (Case of 12),931.50,77.62,In Stock,99.99,29
CBD CANNABIS OIL,Peace Naturals,Cove,20 ml (Case of 12),369.60,30.8,In Stock,,
DIESEL,Peace Naturals,Spinach,3.5g (Case of 24),462.96,19.29,In Stock,,
DIESEL,Peace Naturals,Spinach,7g (Case of 12),432.36,36.03,In Stock,,
UNPLUG,Aphria,Solei,1g (Case of 48),254.88,5.31,Out of Stock,7.99,50
UNPLUG,Aphria,Solei,3.5g (Case of 24),419.28,17.47,In Stock,23.99,37
UNPLUG,Aphria,Solei,7g (Case of 12),425.04,35.42,Out of Stock,44.99,27
ULTRA SOUR,Zenabis Ltd,Namaste,1g (Case of 24),138.24,5.76,In Stock,,
ULTRA SOUR,Zenabis Ltd,Namaste,3.5g (Case of 12),226.20,18.85,In Stock,,
ULTRA SOUR,Zenabis Ltd,Namaste,7g (Case of 12),415.56,34.63,Out of Stock,,
BLUE DREAM PRE-ROLL,Tantalus Labs,Tantalus Labs,3 x 0.5g (Case of 48),470.40,9.8,In Stock,,
MK ULTRA,Aurora,Aurora,1g (Case of 48),295.20,6.15,Out of Stock,,
MK ULTRA,Aurora,Aurora,3.5g (Case of 24),461.76,19.24,In Stock,,
MK ULTRA,Aurora,Aurora,7g (Case of 24),831.36,34.64,In Stock,,
BLUE DREAM PRE-ROLL,Canna Farms,Canna Farms,1 x 1g (Case of 50),531.88,10.64,In Stock,,
HIGHLANDS,Canopy Growth Corporation,Tweed,1g (Case of 24),161.46,6.73,Out of Stock,,
HIGHLANDS,Canopy Growth Corporation,Tweed,3.5g (Case of 12),247.32,20.61,Out of Stock,,
HIGHLANDS,Canopy Growth Corporation,Tweed,7g (Case of 12),470.88,39.24,In Stock,,
HIGHLANDS,Canopy Growth Corporation,Tweed,15g (Case of 6),522.68,87.11,Out of Stock,,
ULTRA SOUR PRE-ROLL,Zenabis Ltd,Namaste,3 x 0.5g (Case of 48),552.00,11.5,In Stock,,
ULTRA SOUR PRE-ROLL,Zenabis Ltd,Namaste,5 x 0.5g (Case of 48),1201.15,25.02,Out of Stock,,
BLUE DREAM,Aurora,Aurora,1g (Case of 48),295.20,6.15,Out of Stock,,
BLUE DREAM,Aurora,Aurora,3.5g (Case of 24),461.76,19.24,In Stock,,
BLUE DREAM,Aurora,Aurora,7g (Case of 24),831.36,34.64,Out of Stock,,
"""FREE"" OIL",Aphria,Solei,30ml (Case of 12),161.46,13.46,In Stock,,
DANCEHALL,Peace Naturals,Spinach,3.5g (Case of 24),462.96,19.29,In Stock,,
DANCEHALL,Peace Naturals,Spinach,7g (Case of 12),432.36,36.03,Out of Stock,,
DELAHAZE,MedReleaf,San Rafael '71,1g (Case of 48),407.38,8.49,Out of Stock,10.99,29
DELAHAZE,MedReleaf,San Rafael '71,3.5g (Case of 24),569.94,23.75,In Stock,31.99,35
DELAHAZE,MedReleaf,San Rafael '71,7g (Case of 12),570.00,47.5,In Stock,60.99,28
CBD CANNATONIC,Tantalus Labs,Tantalus Labs,3.5g (Case of 18),327.42,18.19,In Stock,,
THC INDICA PRE-ROLL,Aurora,ACES,2 x 0.5g (Case of 48),331.20,6.9,Out of Stock,,
THC INDICA PRE-ROLL,Aurora,ACES,5 x 0.5g (Case of 48),755.52,15.74,In Stock,,
MK ULTRA,Zenabis Ltd,Namaste,1g (Case of 24),110.64,4.61,In Stock,,
MK ULTRA,Zenabis Ltd,Namaste,3.5g (Case of 12),184.68,15.39,In Stock,,
MK ULTRA,Zenabis Ltd,Namaste,7g (Case of 12),350.88,29.24,Out of Stock,,
QUADRA,Broken Coast Cannabis,Broken Coast Cannabis,1g (Case of 24),207.00,8.62,Out of Stock,10.99,27
QUADRA,Broken Coast Cannabis,Broken Coast Cannabis,3.5g (Case of 12),338.16,28.18,In Stock,36.99,31
QUADRA,Broken Coast Cannabis,Broken Coast Cannabis,7g (Case of 12),652.05,54.34,Out of Stock,64.97,20
GSC PRE-ROLL,Canna Farms,Canna Farms,1 x 1g (Case of 50),531.88,10.64,In Stock,,
CBD HARLEQUIN PRE-ROLL,Tantalus Labs,Tantalus Labs,3 x 0.5g (Case of 24),217.68,9.07,In Stock,,
SUNDAY SPECIAL,Aphria,Riff,1g (Case of 48),303.60,6.33,Out of Stock,,
SUNDAY SPECIAL,Aphria,Riff,3.5g (Case of 24),456.00,19.0,In Stock,,
SUNDAY SPECIAL,Aphria,Riff,7g (Case of 12),454.02,37.84,Out of Stock,,
CBD CANNATONIC PRE-ROLL,Tantalus Labs,Tantalus Labs,3 x 0.5g (Case of 24),217.68,9.07,In Stock,,
WHITE WIDOW,7ACRES,7ACRES,1g (Case of 18),131.45,7.3,Out of Stock,,
WHITE WIDOW,7ACRES,7ACRES,3.5g (Case of 24),431.76,17.99,In Stock,,
WHITE WIDOW,7ACRES,7ACRES,7g (Case of 24),924.72,38.53,Out of Stock,,
ELATION,Tweed,DOJA,1g (Case of 24),172.50,7.19,Out of Stock,8.99,25
ELATION,Tweed,DOJA,3.5g (Case of 12),289.80,24.15,In Stock,31.99,32
ELATION,Tweed,DOJA,7g (Case of 12),538.08,44.84,Out of Stock,58.99,32
SENSI STAR PRE-ROLL,Peace Naturals,Spinach,3 x 0.5g (Case of 24),242.64,10.11,In Stock,,
SENSI STAR PRE-ROLL,Peace Naturals,Spinach,1 x 1g (Case of 24),173.52,7.23,In Stock,,
SUNSET,Canopy Growth Corporation,LBS,1g (Case of 24),179.40,7.48,In Stock,9.99,34
SUNSET,Canopy Growth Corporation,LBS,3.5g (Case of 12),285.36,23.78,In Stock,31.99,35
SUNSET,Canopy Growth Corporation,LBS,7g (Case of 12),554.76,46.23,In Stock,59.99,30
SUNSET,Canopy Growth Corporation,LBS,15g (Case of 6),579.60,96.6,Out of Stock,121.99,26
ROCK STAR,High Park,GRAIL,3.5g (Case of 24),683.76,28.49,In Stock,39.99,40
ROCK STAR,High Park,GRAIL,7g (Case of 12),434.70,36.23,Out of Stock,68.99,90
PENELOPE CAPSULES,Canopy Growth Corporation,Tweed,15 capsules (Case of 24),277.20,11.55,In Stock,,
"""FREE""",Aphria,Solei,1g (Case of 48),254.88,5.31,Out of Stock,7.99,50
"""FREE""",Aphria,Solei,3.5g (Case of 24),419.28,17.47,In Stock,23.99,37
"""FREE""",Aphria,Solei,7g (Case of 12),364.68,30.39,In Stock,44.99,48
REST,Peace Naturals,Cove,1g (Case of 24),157.60,6.57,Out of Stock,,
REST,Peace Naturals,Cove,3.5g (Case of 24),512.16,21.34,In Stock,,
REST,Peace Naturals,Cove,7g (Case of 12),477.48,39.79,In Stock,,
REFLECT,Peace Naturals,Cove,1g (Case of 24),157.60,6.57,Out of Stock,,
REFLECT,Peace Naturals,Cove,3.5g (Case of 24),512.16,21.34,In Stock,,
REFLECT,Peace Naturals,Cove,7g (Case of 12),477.48,39.79,In Stock,,
REST PRE-ROLL,Peace Naturals,Cove,1 x 1g (Case of 24),178.56,7.44,In Stock,,
REST PRE-ROLL,Peace Naturals,Cove,3 x 0.5g (Case of 24),248.40,10.35,In Stock,,
SENSI STAR,Peace Naturals,Spinach,3.5g (Case of 24),462.96,19.29,In Stock,,
SENSI STAR,Peace Naturals,Spinach,7g (Case of 12),432.36,36.03,In Stock,,
HEADBAND,High Park,GRAIL,3.5g (Case of 24),683.76,28.49,In Stock,39.99,40
HEADBAND,High Park,GRAIL,7g (Case of 12),434.70,36.23,Out of Stock,68.99,90
DONEGAL,Canopy Growth Corporation,Tweed,1g (Case of 24),161.46,6.73,Out of Stock,8.99,34
DONEGAL,Canopy Growth Corporation,Tweed,3.5g (Case of 12),247.32,20.61,In Stock,26.99,31
DONEGAL,Canopy Growth Corporation,Tweed,7g (Case of 12),470.88,39.24,In Stock,52.99,35
DONEGAL,Canopy Growth Corporation,Tweed,15g (Case of 6),522.68,87.11,Out of Stock,109.99,26
MK ULTRA PRE-ROLL,Zenabis Ltd,Namaste,1 x 0.5g (Case of 48),260.82,5.43,Out of Stock,,
MK ULTRA PRE-ROLL,Zenabis Ltd,Namaste,3 x 0.5g (Case of 48),496.80,10.35,In Stock,,
MK ULTRA PRE-ROLL,Zenabis Ltd,Namaste,5 x 0.5g (Case of 48),1201.15,25.02,Out of Stock,,
RISE,Peace Naturals,Cove,1g (Case of 24),157.60,6.57,Out of Stock,,
RISE,Peace Naturals,Cove,3.5g (Case of 24),512.16,21.34,Out of Stock,,
RISE,Peace Naturals,Cove,7g (Case of 12),477.48,39.79,In Stock,,
DIESEL PRE-ROLL,Peace Naturals,Spinach,3 x 0.5g (Case of 24),242.64,10.11,In Stock,,
DIESEL PRE-ROLL,Peace Naturals,Spinach,1 x 1g (Case of 24),173.52,7.23,In Stock,,
KOSHER KUSH,Canopy Growth Corporation,DNA Genetics,1g (Case of 24),188.88,7.87,Out of Stock,,
KOSHER KUSH,Canopy Growth Corporation,DNA Genetics,3.5g (Case of 12),314.04,26.17,In Stock,,
KOSHER KUSH,Canopy Growth Corporation,DNA Genetics,7g (Case of 12),664.61,55.38,Out of Stock,,
KOSHER KUSH,Canopy Growth Corporation,DNA Genetics,15g (Case of 6),682.07,113.68,Out of Stock,,
COLD CREEK KUSH,Redecan,Redecan,1g (Case of 24),138.00,5.75,In Stock,7.99,39
COLD CREEK KUSH,Redecan,Redecan,3.5g (Case of 24),483.00,20.12,Out of Stock,25.99,29
COLD CREEK KUSH,Redecan,Redecan,7g (Case of 12),458.85,38.24,Out of Stock,48.99,28
COLD CREEK KUSH,Redecan,Redecan,15g (Case of 12),931.50,77.62,In Stock,99.99,29
THC INDICA LANDRACE,THC BioMed,THC BioMed,1g (Case of 48),231.84,4.83,Out of Stock,,
THC INDICA LANDRACE,THC BioMed,THC BioMed,3.5g (Case of 48),772.80,16.1,In Stock,,
THC INDICA LANDRACE,THC BioMed,THC BioMed,7g (Case of 24),734.16,30.59,In Stock,,
HOUNDSTOOTH PRE-ROLL,Canopy Growth Corporation,Tweed,1 x 1g (Case of 48),332.16,6.92,In Stock,,
HOUNDSTOOTH PRE-ROLL,Canopy Growth Corporation,Tweed,5 x 0.5g (Case of 24),406.32,16.93,In Stock,,
RISE OIL,Peace Naturals,Cove,20 ml (Case of 12),377.16,31.43,In Stock,,
WAPPA,Redecan,Redecan,1g (Case of 24),138.00,5.75,In Stock,7.99,39
WAPPA,Redecan,Redecan,3.5g (Case of 24),483.00,20.12,In Stock,25.99,29
WAPPA,Redecan,Redecan,7g (Case of 12),458.85,38.24,In Stock,48.99,28
WAPPA,Redecan,Redecan,15g (Case of 12),931.50,77.62,In Stock,99.99,29
DANCEHALL PRE-ROLL,Peace Naturals,Spinach,3 x 0.5g (Case of 24),242.64,10.11,In Stock,,
DANCEHALL PRE-ROLL,Peace Naturals,Spinach,1 x 1g (Case of 24),173.52,7.23,Out of Stock,,
PENELOPE,Canopy Growth Corporation,Tweed,1g (Case of 24),161.46,6.73,Out of Stock,,
PENELOPE,Canopy Growth Corporation,Tweed,3.5g (Case of 12),247.32,20.61,In Stock,,
PENELOPE,Canopy Growth Corporation,Tweed,7g (Case of 12),470.88,39.24,Out of Stock,,
PENELOPE,Canopy Growth Corporation,Tweed,15g (Case of 6),522.68,87.11,Out of Stock,,
DURGA MATA 2,Zenabis Ltd,Namaste,1g (Case of 24),131.04,5.46,Out of Stock,,
DURGA MATA 2,Zenabis Ltd,Namaste,3.5g (Case of 12),229.44,19.12,In Stock,,
DURGA MATA 2,Zenabis Ltd,Namaste,7g (Case of 12),307.80,25.65,In Stock,,
SHISHKABERRY,Redecan,Redecan,1g (Case of 24),138.00,5.75,Out of Stock,,
SHISHKABERRY,Redecan,Redecan,3.5g (Case of 24),439.68,18.32,In Stock,,
SHISHKABERRY,Redecan,Redecan,7g (Case of 12),410.52,34.21,Out of Stock,,
SHISHKABERRY,Redecan,Redecan,15g (Case of 12),838.35,69.86,In Stock,,
BAKERSTREET,Canopy Growth Corporation,Tweed,1g (Case of 24),161.52,6.73,Out of Stock,6.97,4
BAKERSTREET,Canopy Growth Corporation,Tweed,3.5g (Case of 12),247.32,20.61,In Stock,26.99,31
BAKERSTREET,Canopy Growth Corporation,Tweed,7g (Case of 12),470.88,39.24,In Stock,52.99,35
BAKERSTREET,Canopy Growth Corporation,Tweed,15g (Case of 6),522.68,87.11,Out of Stock,111.99,29
THC SATIVA PRE-ROLL,Aurora,ACES,2 x 0.5g (Case of 48),331.20,6.9,Out of Stock,,
THC SATIVA PRE-ROLL,Aurora,ACES,5 x 0.5g (Case of 48),755.52,15.74,In Stock,,
ORGANIC BC ROCKSTAR,Whistler Cannabis Co.,Whistler Cannabis Co.,3.5g (Case of 24),1108.80,46.2,In Stock,59.99,30
PINK KUSH,MedReleaf,San Rafael '71,1g (Case of 48),394.68,8.22,Out of Stock,10.99,34
PINK KUSH,MedReleaf,San Rafael '71,3.5g (Case of 24),569.94,23.75,In Stock,31.99,35
PINK KUSH,MedReleaf,San Rafael '71,7g (Case of 12),570.00,47.5,Out of Stock,59.99,26
PINK KUSH,MedReleaf,San Rafael '71,15g (Case of 12),1062.48,88.54,Out of Stock,119.99,36
SENSE,Aphria,Solei,1g (Case of 48),276.00,5.75,In Stock,6.99,22
SENSE,Aphria,Solei,3.5g (Case of 24),419.28,17.47,In Stock,23.99,37
SENSE,Aphria,Solei,7g (Case of 12),364.68,30.39,In Stock,44.99,48
BC PINK KUSH,Flowr,Flowr,3.5g (Case of 24),738.00,30.75,In Stock,39.99,30
BC PINK KUSH,Flowr,Flowr,7g (Case of 24),1379.52,57.48,Out of Stock,75.97,32
RENEW,Aphria,Solei,1g (Case of 48),276.00,5.75,Out of Stock,5.97,4
RENEW,Aphria,Solei,3.5g (Case of 24),419.28,17.47,In Stock,23.99,37
RENEW,Aphria,Solei,7g (Case of 12),364.68,30.39,Out of Stock,44.99,48
TANGERINE DREAM,MedReleaf,San Rafael '71,1g (Case of 48),348.31,7.26,Out of Stock,,
TANGERINE DREAM,MedReleaf,San Rafael '71,3.5g (Case of 24),507.36,21.14,In Stock,,
TANGERINE DREAM,MedReleaf,San Rafael '71,7g (Case of 12),507.15,42.26,Out of Stock,,
